Order Date,Order ID,Category,Channel,Units,Revenue
2024-06-01,SO-700000,Home,Web,1,188.6
2024-06-01,SO-700001,Home,Retail,1,23.31
2024-06-01,SO-700002,Outdoor,Web,2,80.9
2024-06-01,SO-700003,Apparel,Marketplace,2,183.72
2024-06-01,SO-700004,Outdoor,Web,-5,-451.6
2024-06-01,SO-700005,Apparel,Marketplace,-2,-97.22
2024-06-01,SO-700006,Electronics,Web,4,319.4
2024-06-01,SO-700007,Home,Web,3,140.25
2024-06-02,SO-700008,Outdoor,Marketplace,1,60.23
2024-06-02,SO-700009,Outdoor,Web,2,101.1
2024-06-02,SO-700010,Apparel,Web,2,165.2
2024-06-02,SO-700011,Home,Web,-2,-19.08
2024-06-02,SO-700012,Home,Retail,2,142.78
2024-06-02,SO-700013,Home,Web,5,60.2
2024-06-02,SO-700014,Home,Marketplace,-2,-116.3
2024-06-02,SO-700015,Apparel,Marketplace,1,53.72
2024-06-02,SO-700016,Outdoor,Retail,-3,-108.39
2024-06-02,SO-700017,Home,Marketplace,1,54.12
2024-06-03,SO-700018,Apparel,Retail,2,306.46
2024-06-03,SO-700019,Home,Web,4,446.36
2024-06-03,SO-700020,Home,Retail,5,240.2
2024-06-04,SO-700021,Apparel,Web,2,294.8
2024-06-04,SO-700022,Outdoor,Web,-5,-232.45
2024-06-04,SO-700023,Apparel,Web,4,55.96
2024-06-04,SO-700024,Apparel,Web,1,101.17
2024-06-04,SO-700025,Electronics,Retail,5,913.2
2024-06-04,SO-700026,Home,Marketplace,4,613.56
2024-06-05,SO-700027,Electronics,Web,2,190.18
2024-06-05,SO-700028,Electronics,Web,2,183.94
2024-06-05,SO-700029,Home,Web,4,782.2
2024-06-05,SO-700030,Home,Marketplace,1,30.31
2024-06-05,SO-700031,Outdoor,Web,-5,-421.85
2024-06-05,SO-700032,Electronics,Marketplace,5,192.5
2024-06-05,SO-700033,Home,Web,5,653.95
2024-06-06,SO-700034,Electronics,Retail,4,453.04
2024-06-06,SO-700035,Electronics,Marketplace,-5,-63.05
2024-06-06,SO-700036,Apparel,Web,5,656.7
2024-06-06,SO-700037,Outdoor,Web,1,97.3
2024-06-06,SO-700038,Apparel,Retail,1,57.83
2024-06-06,SO-700039,Home,Retail,3,179.76
2024-06-06,SO-700040,Apparel,Marketplace,5,245.55
2024-06-06,SO-700041,Apparel,Web,3,336.78
2024-06-07,SO-700042,Home,Web,1,36.19
2024-06-07,SO-700043,Electronics,Marketplace,1,39.92
2024-06-07,SO-700044,Apparel,Retail,1,21.15
2024-06-08,SO-700045,Apparel,Web,1,28.84
2024-06-08,SO-700046,Outdoor,Web,5,171.05
2024-06-08,SO-700047,Home,Marketplace,1,190.95
2024-06-08,SO-700048,Outdoor,Web,1,27.68
2024-06-08,SO-700049,Home,Web,3,74.79
2024-06-08,SO-700050,Electronics,Web,5,183.7
2024-06-08,SO-700051,Apparel,Web,2,120.06
2024-06-09,SO-700052,Apparel,Marketplace,1,53.57
2024-06-09,SO-700053,Outdoor,Web,1,48.01
2024-06-09,SO-700054,Electronics,Marketplace,1,90.75
2024-06-09,SO-700055,Electronics,Web,1,53.16
2024-06-09,SO-700056,Electronics,Retail,4,57.84
2024-06-09,SO-700057,Electronics,Marketplace,1,30.04
2024-06-10,SO-700058,Electronics,Retail,5,538.5
2024-06-10,SO-700059,Electronics,Marketplace,5,749.15
2024-06-10,SO-700060,Apparel,Web,-3,-403.8
2024-06-10,SO-700061,Electronics,Retail,1,31.25
2024-06-10,SO-700062,Electronics,Marketplace,5,50.6
2024-06-10,SO-700063,Outdoor,Retail,5,216.95
2024-06-10,SO-700064,Apparel,Web,1,34.67
2024-06-10,SO-700065,Outdoor,Web,2,284.92
2024-06-11,SO-700066,Outdoor,Marketplace,5,672.95
2024-06-11,SO-700067,Apparel,Web,2,115.66
2024-06-11,SO-700068,Apparel,Web,3,160.59
2024-06-11,SO-700069,Apparel,Web,2,134.1
2024-06-11,SO-700070,Outdoor,Marketplace,4,374.96
2024-06-11,SO-700071,Home,Web,2,113.16
2024-06-11,SO-700072,Apparel,Web,1,66.36
2024-06-11,SO-700073,Apparel,Marketplace,1,295.71
2024-06-11,SO-700074,Electronics,Web,-4,-59.44
2024-06-11,SO-700075,Electronics,Marketplace,1,170.8
2024-06-11,SO-700076,Apparel,Marketplace,1,72.74
2024-06-12,SO-700077,Outdoor,Marketplace,2,40.06
2024-06-12,SO-700078,Electronics,Marketplace,5,532.3
2024-06-12,SO-700079,Electronics,Marketplace,1,72.15
2024-06-12,SO-700080,Apparel,Web,1,23.09
2024-06-12,SO-700081,Apparel,Web,4,147.68
2024-06-12,SO-700082,Apparel,Web,5,192.65
2024-06-12,SO-700083,Apparel,Web,2,73.94
2024-06-12,SO-700084,Apparel,Marketplace,1,38.94
2024-06-13,SO-700085,Apparel,Web,2,115.02
2024-06-13,SO-700086,Home,Web,4,131.2
2024-06-13,SO-700087,Apparel,Web,3,55.23
2024-06-13,SO-700088,Apparel,Retail,1,14.89
2024-06-13,SO-700089,Apparel,Web,2,193.06
2024-06-13,SO-700090,Electronics,Retail,1,51.35
2024-06-13,SO-700091,Electronics,Marketplace,2,98.88
2024-06-13,SO-700092,Apparel,Web,1,80.96
2024-06-13,SO-700093,Outdoor,Web,1,37.99
2024-06-14,SO-700094,Home,Web,3,128.28
2024-06-14,SO-700095,Electronics,Web,4,72.08
2024-06-14,SO-700096,Home,Web,4,327.68
2024-06-14,SO-700097,Electronics,Marketplace,2,124.9
2024-06-14,SO-700098,Outdoor,Marketplace,2,120.8
2024-06-14,SO-700099,Apparel,Retail,1,57.88
2024-06-14,SO-700100,Home,Web,3,197.07
2024-06-14,SO-700101,Home,Web,2,199.3
2024-06-14,SO-700102,Apparel,Web,5,193.8
2024-06-15,SO-700103,Home,Web,4,352.04
2024-06-15,SO-700104,Electronics,Web,5,227.15
2024-06-15,SO-700105,Home,Web,5,157.9
2024-06-15,SO-700106,Apparel,Web,2,180.16
2024-06-15,SO-700107,Electronics,Retail,5,333.95
2024-06-15,SO-700108,Electronics,Web,3,251.19
2024-06-15,SO-700109,Electronics,Marketplace,3,159.03
2024-06-15,SO-700110,Outdoor,Marketplace,4,326.24
2024-06-16,SO-700111,Outdoor,Retail,4,291.52
2024-06-16,SO-700112,Apparel,Web,3,328.08
2024-06-16,SO-700113,Apparel,Marketplace,1,58.0
2024-06-16,SO-700114,Electronics,Web,4,449.48
2024-06-16,SO-700115,Outdoor,Marketplace,2,139.58
2024-06-17,SO-700116,Apparel,Retail,2,107.26
2024-06-17,SO-700117,Apparel,Marketplace,1,40.46
2024-06-17,SO-700118,Apparel,Web,3,569.73
2024-06-17,SO-700119,Apparel,Web,3,475.11
2024-06-17,SO-700120,Home,Web,-1,-78.08
2024-06-18,SO-700121,Electronics,Web,3,119.94
2024-06-18,SO-700122,Electronics,Web,4,152.76
2024-06-18,SO-700123,Electronics,Web,1,99.61
2024-06-18,SO-700124,Electronics,Web,2,107.78
2024-06-18,SO-700125,Apparel,Web,4,385.08
2024-06-19,SO-700126,Home,Web,3,109.74
2024-06-19,SO-700127,Apparel,Marketplace,5,249.25
2024-06-19,SO-700128,Electronics,Marketplace,2,138.84
2024-06-19,SO-700129,Home,Marketplace,3,40.2
2024-06-19,SO-700130,Home,Marketplace,5,428.0
2024-06-19,SO-700131,Apparel,Retail,1,42.99
2024-06-20,SO-700132,Electronics,Retail,4,101.48
2024-06-20,SO-700133,Home,Web,2,130.26
2024-06-20,SO-700134,Electronics,Marketplace,1,98.52
2024-06-20,SO-700135,Apparel,Marketplace,2,234.76
2024-06-20,SO-700136,Home,Marketplace,4,472.92
2024-06-20,SO-700137,Apparel,Retail,-1,-54.9
2024-06-20,SO-700138,Apparel,Web,3,312.33
2024-06-20,SO-700139,Home,Marketplace,5,606.45
2024-06-20,SO-700140,Home,Web,5,303.65
2024-06-20,SO-700141,Home,Web,1,13.15
2024-06-20,SO-700142,Electronics,Web,2,190.66
2024-06-21,SO-700143,Home,Web,3,110.37
2024-06-21,SO-700144,Home,Web,5,459.1
2024-06-21,SO-700145,Home,Marketplace,5,451.4
2024-06-21,SO-700146,Home,Web,4,405.76
2024-06-21,SO-700147,Electronics,Marketplace,1,109.51
2024-06-21,SO-700148,Home,Web,3,227.28
2024-06-21,SO-700149,Apparel,Web,3,80.94
2024-06-21,SO-700150,Outdoor,Marketplace,2,144.46
2024-06-21,SO-700151,Apparel,Retail,4,143.96
2024-06-22,SO-700152,Outdoor,Web,1,32.98
2024-06-22,SO-700153,Home,Marketplace,5,708.85
2024-06-22,SO-700154,Apparel,Web,1,61.93
2024-06-22,SO-700155,Electronics,Web,1,45.74
2024-06-22,SO-700156,Home,Web,-4,-283.8
2024-06-23,SO-700157,Electronics,Web,5,294.15
2024-06-23,SO-700158,Home,Retail,3,132.57
2024-06-23,SO-700159,Electronics,Marketplace,5,606.45
2024-06-23,SO-700160,Electronics,Web,2,19.12
2024-06-23,SO-700161,Outdoor,Web,5,326.05
2024-06-24,SO-700162,Home,Marketplace,4,334.72
2024-06-24,SO-700163,Apparel,Web,1,96.55
2024-06-24,SO-700164,Home,Web,1,129.06
2024-06-24,SO-700165,Apparel,Web,-1,-28.26
2024-06-24,SO-700166,Apparel,Marketplace,4,147.32
2024-06-25,SO-700167,Home,Web,1,6.46
2024-06-25,SO-700168,Electronics,Web,4,447.72
2024-06-25,SO-700169,Apparel,Retail,4,339.84
2024-06-26,SO-700170,Home,Web,5,266.6
2024-06-26,SO-700171,Apparel,Web,4,94.52
2024-06-26,SO-700172,Electronics,Web,2,61.34
2024-06-26,SO-700173,Outdoor,Marketplace,5,628.8
2024-06-26,SO-700174,Apparel,Web,4,264.48
2024-06-26,SO-700175,Apparel,Marketplace,4,218.12
2024-06-26,SO-700176,Apparel,Web,5,163.65
2024-06-26,SO-700177,Apparel,Retail,5,544.6
2024-06-26,SO-700178,Home,Web,1,77.57
2024-06-26,SO-700179,Outdoor,Marketplace,1,94.61
2024-06-26,SO-700180,Outdoor,Web,5,147.9
2024-06-27,SO-700181,Outdoor,Retail,1,8.84
2024-06-27,SO-700182,Electronics,Web,5,487.95
2024-06-27,SO-700183,Electronics,Web,4,248.04
2024-06-27,SO-700184,Electronics,Web,2,103.38
2024-06-27,SO-700185,Apparel,Web,1,98.71
2024-06-28,SO-700186,Electronics,Marketplace,4,510.72
2024-06-28,SO-700187,Apparel,Web,3,108.69
2024-06-28,SO-700188,Apparel,Retail,-1,-85.78
2024-06-28,SO-700189,Home,Web,1,32.24
2024-06-28,SO-700190,Outdoor,Web,5,245.4
2024-06-28,SO-700191,Electronics,Web,3,41.76
2024-06-28,SO-700192,Home,Retail,4,225.8
2024-06-28,SO-700193,Apparel,Web,3,204.0
2024-06-29,SO-700194,Outdoor,Marketplace,5,117.15
2024-06-29,SO-700195,Outdoor,Web,1,82.31
2024-06-29,SO-700196,Outdoor,Retail,3,368.76
2024-06-29,SO-700197,Outdoor,Marketplace,3,335.1
2024-06-29,SO-700198,Home,Web,1,72.08
2024-06-29,SO-700199,Apparel,Web,1,53.4
2024-06-29,SO-700200,Apparel,Web,1,101.03
2024-06-30,SO-700201,Apparel,Marketplace,5,963.9
2024-06-30,SO-700202,Home,Web,3,323.49
2024-06-30,SO-700203,Home,Marketplace,4,97.6
2024-06-30,SO-700204,Outdoor,Web,5,284.2
2024-07-01,SO-700205,Outdoor,Retail,3,405.06
2024-07-01,SO-700206,Home,Web,4,264.72
2024-07-01,SO-700207,Home,Web,2,45.94
2024-07-01,SO-700208,Outdoor,Marketplace,2,101.62
2024-07-01,SO-700209,Home,Marketplace,4,315.36
2024-07-02,SO-700210,Outdoor,Retail,4,123.72
2024-07-02,SO-700211,Apparel,Marketplace,3,346.35
2024-07-02,SO-700212,Home,Web,1,142.89
2024-07-02,SO-700213,Home,Web,3,168.84
2024-07-02,SO-700214,Outdoor,Retail,5,760.55
2024-07-02,SO-700215,Outdoor,Marketplace,2,58.12
2024-07-03,SO-700216,Home,Marketplace,1,102.98
2024-07-03,SO-700217,Outdoor,Retail,4,157.92
2024-07-03,SO-700218,Home,Web,-5,-355.3
2024-07-03,SO-700219,Electronics,Web,5,114.55
2024-07-03,SO-700220,Apparel,Web,1,137.08
2024-07-03,SO-700221,Outdoor,Web,4,249.56
2024-07-03,SO-700222,Home,Marketplace,4,731.2
2024-07-03,SO-700223,Outdoor,Web,4,71.08
2024-07-03,SO-700224,Home,Marketplace,5,298.25
2024-07-03,SO-700225,Electronics,Web,4,144.32
2024-07-04,SO-700226,Apparel,Retail,5,313.05
2024-07-04,SO-700227,Outdoor,Web,2,181.14
2024-07-04,SO-700228,Apparel,Web,5,135.0
2024-07-04,SO-700229,Home,Web,3,137.82
2024-07-04,SO-700230,Apparel,Marketplace,-3,-758.67
2024-07-04,SO-700231,Electronics,Web,2,61.14
2024-07-04,SO-700232,Electronics,Retail,2,242.98
2024-07-04,SO-700233,Outdoor,Marketplace,1,41.71
2024-07-04,SO-700234,Outdoor,Marketplace,5,330.45
2024-07-05,SO-700235,Home,Marketplace,2,157.8
2024-07-05,SO-700236,Outdoor,Retail,3,206.61
2024-07-05,SO-700237,Home,Web,2,20.88
2024-07-05,SO-700238,Home,Web,5,493.15
2024-07-05,SO-700239,Home,Web,3,153.72
2024-07-05,SO-700240,Electronics,Marketplace,3,135.09
2024-07-05,SO-700241,Home,Retail,1,96.85
2024-07-06,SO-700242,Home,Web,3,407.64
2024-07-06,SO-700243,Apparel,Marketplace,2,281.74
2024-07-06,SO-700244,Home,Marketplace,4,143.32
2024-07-06,SO-700245,Electronics,Web,5,113.65
2024-07-06,SO-700246,Electronics,Marketplace,5,761.7
2024-07-06,SO-700247,Electronics,Web,1,88.28
2024-07-06,SO-700248,Apparel,Marketplace,5,454.1
2024-07-06,SO-700249,Electronics,Web,1,68.01
2024-07-07,SO-700250,Outdoor,Marketplace,3,602.67
2024-07-07,SO-700251,Outdoor,Marketplace,1,138.03
2024-07-07,SO-700252,Electronics,Web,4,373.76
2024-07-07,SO-700253,Apparel,Web,4,67.24
2024-07-07,SO-700254,Outdoor,Retail,1,64.95
2024-07-07,SO-700255,Apparel,Marketplace,2,200.82
2024-07-07,SO-700256,Home,Marketplace,1,65.22
2024-07-08,SO-700257,Apparel,Web,3,12.0
2024-07-08,SO-700258,Electronics,Web,5,398.2
2024-07-08,SO-700259,Outdoor,Marketplace,3,80.97
2024-07-08,SO-700260,Home,Web,2,82.16
2024-07-08,SO-700261,Apparel,Web,5,586.15
2024-07-08,SO-700262,Home,Web,1,32.48
2024-07-08,SO-700263,Apparel,Web,2,214.4
2024-07-08,SO-700264,Apparel,Web,-2,-45.14
2024-07-08,SO-700265,Outdoor,Web,1,109.3
2024-07-08,SO-700266,Home,Web,2,176.8
2024-07-08,SO-700267,Apparel,Retail,4,38.24
2024-07-09,SO-700268,Apparel,Marketplace,-4,-159.36
2024-07-09,SO-700269,Apparel,Web,3,165.12
2024-07-09,SO-700270,Outdoor,Web,4,132.08
2024-07-09,SO-700271,Apparel,Web,2,43.86
2024-07-09,SO-700272,Outdoor,Web,5,404.25
2024-07-09,SO-700273,Home,Marketplace,5,462.6
2024-07-10,SO-700274,Electronics,Marketplace,4,324.76
2024-07-10,SO-700275,Home,Web,3,134.16
2024-07-10,SO-700276,Apparel,Marketplace,1,38.12
2024-07-10,SO-700277,Home,Web,4,251.92
2024-07-10,SO-700278,Electronics,Web,4,288.24
2024-07-10,SO-700279,Electronics,Web,4,168.16
2024-07-10,SO-700280,Home,Web,2,109.78
2024-07-11,SO-700281,Apparel,Web,3,230.76
2024-07-11,SO-700282,Apparel,Marketplace,5,421.9
2024-07-11,SO-700283,Outdoor,Web,2,106.02
2024-07-11,SO-700284,Home,Web,4,573.36
2024-07-11,SO-700285,Electronics,Retail,3,123.3
2024-07-11,SO-700286,Outdoor,Web,5,223.55
2024-07-12,SO-700287,Apparel,Marketplace,1,78.86
2024-07-12,SO-700288,Apparel,Web,2,142.74
2024-07-12,SO-700289,Apparel,Marketplace,5,446.8
2024-07-12,SO-700290,Outdoor,Marketplace,4,317.2
2024-07-13,SO-700291,Outdoor,Retail,1,109.85
2024-07-13,SO-700292,Home,Web,5,261.3
2024-07-13,SO-700293,Apparel,Web,1,77.07
2024-07-13,SO-700294,Apparel,Web,1,156.91
2024-07-13,SO-700295,Electronics,Marketplace,5,278.7
2024-07-13,SO-700296,Electronics,Web,1,152.51
2024-07-13,SO-700297,Home,Marketplace,2,165.96
2024-07-14,SO-700298,Electronics,Web,1,77.96
2024-07-14,SO-700299,Apparel,Web,2,130.92
2024-07-14,SO-700300,Home,Web,3,118.08
2024-07-14,SO-700301,Apparel,Web,2,61.14
2024-07-14,SO-700302,Apparel,Web,3,115.92
2024-07-15,SO-700303,Apparel,Web,2,114.54
2024-07-15,SO-700304,Home,Web,5,516.85
2024-07-15,SO-700305,Outdoor,Retail,3,62.31
2024-07-15,SO-700306,Electronics,Marketplace,5,186.5
2024-07-15,SO-700307,Home,Web,5,355.95
2024-07-15,SO-700308,Outdoor,Retail,1,48.23
2024-07-15,SO-700309,Apparel,Retail,1,99.66
2024-07-15,SO-700310,Home,Web,2,103.74
2024-07-16,SO-700311,Home,Retail,-3,-98.46
2024-07-16,SO-700312,Apparel,Retail,3,317.04
2024-07-16,SO-700313,Outdoor,Web,5,341.7
2024-07-16,SO-700314,Electronics,Web,3,128.91
2024-07-16,SO-700315,Home,Marketplace,3,44.55
2024-07-16,SO-700316,Apparel,Web,4,104.76
2024-07-16,SO-700317,Apparel,Web,3,160.17
2024-07-16,SO-700318,Apparel,Web,1,15.46
2024-07-16,SO-700319,Apparel,Web,5,383.0
2024-07-16,SO-700320,Electronics,Marketplace,2,173.78
2024-07-16,SO-700321,Outdoor,Web,1,51.53
2024-07-17,SO-700322,Apparel,Marketplace,5,430.15
2024-07-17,SO-700323,Electronics,Web,1,61.65
2024-07-17,SO-700324,Apparel,Web,1,143.1
2024-07-17,SO-700325,Home,Web,-2,-95.58
2024-07-17,SO-700326,Apparel,Retail,2,216.12
2024-07-17,SO-700327,Apparel,Retail,5,552.3
2024-07-18,SO-700328,Apparel,Marketplace,2,131.26
2024-07-18,SO-700329,Apparel,Marketplace,2,222.22
2024-07-18,SO-700330,Apparel,Marketplace,2,167.76
2024-07-18,SO-700331,Outdoor,Web,-2,-298.9
2024-07-18,SO-700332,Electronics,Web,5,455.05
2024-07-18,SO-700333,Apparel,Web,-3,-106.23
2024-07-18,SO-700334,Electronics,Web,2,76.9
2024-07-19,SO-700335,Outdoor,Web,3,223.41
2024-07-19,SO-700336,Apparel,Marketplace,1,94.15
2024-07-19,SO-700337,Electronics,Web,1,87.99
2024-07-19,SO-700338,Apparel,Web,1,144.34
2024-07-19,SO-700339,Home,Web,4,301.64
2024-07-19,SO-700340,Home,Marketplace,-4,-101.0
2024-07-19,SO-700341,Apparel,Web,2,124.22
2024-07-20,SO-700342,Home,Web,2,131.2
2024-07-20,SO-700343,Apparel,Marketplace,2,71.6
2024-07-20,SO-700344,Apparel,Marketplace,3,201.87
2024-07-20,SO-700345,Electronics,Marketplace,5,117.05
2024-07-21,SO-700346,Home,Web,5,472.15
2024-07-21,SO-700347,Apparel,Retail,4,166.04
2024-07-21,SO-700348,Apparel,Marketplace,1,20.84
2024-07-21,SO-700349,Electronics,Web,1,46.34
2024-07-21,SO-700350,Apparel,Retail,2,128.16
2024-07-21,SO-700351,Electronics,Web,3,367.05
2024-07-22,SO-700352,Apparel,Marketplace,5,291.45
2024-07-22,SO-700353,Apparel,Web,3,162.18
2024-07-22,SO-700354,Home,Web,5,80.2
2024-07-22,SO-700355,Home,Web,3,272.4
2024-07-22,SO-700356,Apparel,Marketplace,1,52.09
2024-07-22,SO-700357,Electronics,Retail,1,83.1
2024-07-22,SO-700358,Electronics,Marketplace,5,127.65
2024-07-22,SO-700359,Outdoor,Marketplace,-1,-65.91
2024-07-23,SO-700360,Home,Marketplace,1,123.68
2024-07-23,SO-700361,Apparel,Retail,1,46.5
2024-07-23,SO-700362,Apparel,Web,4,157.44
2024-07-23,SO-700363,Outdoor,Web,1,110.96
2024-07-23,SO-700364,Home,Web,3,230.37
2024-07-23,SO-700365,Outdoor,Web,3,335.4
2024-07-24,SO-700366,Apparel,Marketplace,4,143.52
2024-07-24,SO-700367,Apparel,Web,-5,-299.7
2024-07-24,SO-700368,Outdoor,Retail,3,228.96
2024-07-25,SO-700369,Electronics,Retail,4,350.36
2024-07-25,SO-700370,Home,Web,2,110.22
2024-07-25,SO-700371,Home,Web,5,243.45
2024-07-25,SO-700372,Electronics,Web,-3,-105.93
2024-07-25,SO-700373,Apparel,Marketplace,2,101.44
2024-07-25,SO-700374,Home,Marketplace,1,36.03
2024-07-25,SO-700375,Outdoor,Web,5,408.5
2024-07-25,SO-700376,Home,Web,4,324.72
2024-07-26,SO-700377,Apparel,Marketplace,4,98.8
2024-07-26,SO-700378,Apparel,Marketplace,4,502.24
2024-07-26,SO-700379,Outdoor,Web,4,153.64
2024-07-26,SO-700380,Outdoor,Web,4,356.52
2024-07-26,SO-700381,Outdoor,Retail,1,31.15
2024-07-26,SO-700382,Outdoor,Web,2,76.34
2024-07-26,SO-700383,Electronics,Retail,2,148.56
2024-07-26,SO-700384,Home,Web,4,331.84
2024-07-27,SO-700385,Outdoor,Web,1,107.6
2024-07-27,SO-700386,Apparel,Marketplace,3,377.28
2024-07-27,SO-700387,Apparel,Marketplace,2,145.64
2024-07-27,SO-700388,Apparel,Web,-5,-484.7
2024-07-27,SO-700389,Apparel,Marketplace,2,120.9
2024-07-28,SO-700390,Apparel,Web,-2,-35.3
2024-07-28,SO-700391,Apparel,Marketplace,1,54.42
2024-07-28,SO-700392,Home,Marketplace,1,50.6
2024-07-28,SO-700393,Outdoor,Web,4,618.4
2024-07-28,SO-700394,Home,Marketplace,3,198.24
2024-07-29,SO-700395,Home,Retail,3,992.43
2024-07-29,SO-700396,Electronics,Web,5,139.15
2024-07-29,SO-700397,Apparel,Marketplace,4,410.6
2024-07-29,SO-700398,Electronics,Web,2,129.28
2024-07-29,SO-700399,Apparel,Web,-5,-155.45
2024-07-29,SO-700400,Electronics,Retail,2,217.62
2024-07-29,SO-700401,Outdoor,Web,3,248.61
2024-07-29,SO-700402,Electronics,Retail,4,466.68
2024-07-29,SO-700403,Electronics,Web,2,65.32
2024-07-29,SO-700404,Apparel,Web,1,46.38
2024-07-30,SO-700405,Electronics,Web,3,256.44
2024-07-30,SO-700406,Electronics,Web,3,256.23
2024-07-30,SO-700407,Home,Marketplace,2,185.32
2024-07-30,SO-700408,Electronics,Web,1,48.86
2024-07-31,SO-700409,Apparel,Web,1,31.07
2024-07-31,SO-700410,Electronics,Web,2,226.68
2024-07-31,SO-700411,Electronics,Retail,1,72.63
2024-07-31,SO-700412,Outdoor,Marketplace,-3,-237.24
2024-07-31,SO-700413,Electronics,Web,3,229.38
2024-08-01,SO-700414,Apparel,Marketplace,1,41.52
2024-08-02,SO-700415,Electronics,Retail,3,265.32
2024-08-02,SO-700416,Home,Marketplace,-2,-115.96
2024-08-02,SO-700417,Home,Web,4,352.0
2024-08-02,SO-700418,Apparel,Web,-2,-41.86
2024-08-02,SO-700419,Apparel,Retail,5,314.6
2024-08-02,SO-700420,Electronics,Retail,5,334.9
2024-08-03,SO-700421,Apparel,Retail,3,324.3
2024-08-03,SO-700422,Apparel,Marketplace,1,55.67
2024-08-03,SO-700423,Outdoor,Web,5,637.05
2024-08-03,SO-700424,Electronics,Marketplace,5,135.6
2024-08-03,SO-700425,Home,Marketplace,1,24.01
2024-08-03,SO-700426,Home,Web,2,185.32
2024-08-04,SO-700427,Home,Marketplace,5,114.25
2024-08-04,SO-700428,Apparel,Web,1,75.27
2024-08-04,SO-700429,Home,Marketplace,2,114.9
2024-08-04,SO-700430,Apparel,Web,2,128.14
2024-08-04,SO-700431,Home,Marketplace,3,175.14
2024-08-04,SO-700432,Home,Web,3,66.0
2024-08-04,SO-700433,Home,Web,3,418.47
2024-08-04,SO-700434,Electronics,Web,1,186.23
2024-08-05,SO-700435,Apparel,Marketplace,5,1027.4
2024-08-05,SO-700436,Electronics,Web,1,36.16
2024-08-05,SO-700437,Apparel,Marketplace,1,28.38
2024-08-06,SO-700438,Apparel,Web,2,156.06
2024-08-06,SO-700439,Home,Web,4,191.16
2024-08-06,SO-700440,Home,Web,1,147.19
2024-08-06,SO-700441,Electronics,Retail,5,131.9
2024-08-06,SO-700442,Apparel,Web,4,328.52
2024-08-06,SO-700443,Home,Retail,5,304.4
2024-08-07,SO-700444,Electronics,Retail,3,91.89
2024-08-07,SO-700445,Outdoor,Web,4,441.44
2024-08-07,SO-700446,Home,Marketplace,4,227.48
2024-08-08,SO-700447,Outdoor,Web,1,27.83
2024-08-08,SO-700448,Outdoor,Marketplace,5,107.85
2024-08-08,SO-700449,Apparel,Web,1,52.05
2024-08-08,SO-700450,Electronics,Retail,1,76.76
2024-08-08,SO-700451,Apparel,Retail,4,143.44
2024-08-08,SO-700452,Electronics,Marketplace,2,56.9
2024-08-08,SO-700453,Outdoor,Marketplace,4,364.8
2024-08-08,SO-700454,Electronics,Web,-2,-86.74
2024-08-09,SO-700455,Home,Retail,5,418.45
2024-08-09,SO-700456,Apparel,Retail,5,413.8
2024-08-09,SO-700457,Apparel,Web,5,583.6
2024-08-09,SO-700458,Electronics,Marketplace,1,87.26
2024-08-09,SO-700459,Home,Marketplace,1,72.12
2024-08-10,SO-700460,Home,Marketplace,2,312.8
2024-08-10,SO-700461,Outdoor,Retail,-5,-156.65
2024-08-10,SO-700462,Apparel,Web,5,275.5
2024-08-10,SO-700463,Electronics,Retail,3,70.08
2024-08-10,SO-700464,Apparel,Web,4,285.92
2024-08-10,SO-700465,Home,Web,2,29.9
2024-08-10,SO-700466,Outdoor,Web,3,69.96
2024-08-10,SO-700467,Electronics,Web,5,546.65
2024-08-11,SO-700468,Electronics,Web,2,116.12
2024-08-11,SO-700469,Electronics,Web,-1,-110.2
2024-08-11,SO-700470,Apparel,Web,5,258.55
2024-08-11,SO-700471,Outdoor,Web,2,130.54
2024-08-11,SO-700472,Electronics,Marketplace,2,301.5
2024-08-11,SO-700473,Apparel,Web,5,628.7
2024-08-11,SO-700474,Electronics,Web,3,375.84
2024-08-11,SO-700475,Outdoor,Marketplace,1,27.98
2024-08-11,SO-700476,Home,Marketplace,2,173.26
2024-08-11,SO-700477,Outdoor,Retail,5,225.9
2024-08-11,SO-700478,Electronics,Web,3,226.98
2024-08-11,SO-700479,Home,Web,4,342.04
2024-08-11,SO-700480,Electronics,Marketplace,4,322.04
2024-08-11,SO-700481,Electronics,Web,3,361.95
2024-08-12,SO-700482,Apparel,Retail,4,258.16
2024-08-12,SO-700483,Home,Web,3,95.79
2024-08-12,SO-700484,Outdoor,Web,-4,-271.6
2024-08-12,SO-700485,Electronics,Marketplace,-5,-621.35
2024-08-12,SO-700486,Apparel,Web,5,203.0
2024-08-12,SO-700487,Home,Web,5,396.05
2024-08-13,SO-700488,Home,Marketplace,1,180.08
2024-08-13,SO-700489,Apparel,Retail,1,43.8
2024-08-13,SO-700490,Apparel,Retail,3,168.09
2024-08-13,SO-700491,Electronics,Retail,4,277.24
2024-08-13,SO-700492,Apparel,Marketplace,4,454.88
2024-08-13,SO-700493,Home,Web,1,50.8
2024-08-13,SO-700494,Home,Web,2,76.84
2024-08-13,SO-700495,Apparel,Web,5,586.6
2024-08-13,SO-700496,Apparel,Web,5,142.55
2024-08-14,SO-700497,Apparel,Web,4,229.64
2024-08-14,SO-700498,Electronics,Retail,2,118.66
2024-08-14,SO-700499,Apparel,Web,5,486.1
2024-08-14,SO-700500,Home,Marketplace,2,66.8
2024-08-14,SO-700501,Apparel,Web,2,97.22
2024-08-14,SO-700502,Home,Marketplace,3,41.82
2024-08-14,SO-700503,Home,Marketplace,4,545.96
2024-08-14,SO-700504,Apparel,Retail,1,99.01
2024-08-14,SO-700505,Apparel,Web,-5,-372.4
2024-08-14,SO-700506,Outdoor,Web,-3,-49.23
2024-08-15,SO-700507,Outdoor,Web,-1,-50.8
2024-08-15,SO-700508,Apparel,Web,-5,-132.15
2024-08-15,SO-700509,Electronics,Web,-5,-160.95
2024-08-15,SO-700510,Home,Web,4,144.72
2024-08-15,SO-700511,Home,Marketplace,1,20.29
2024-08-15,SO-700512,Electronics,Marketplace,-5,-102.35
2024-08-15,SO-700513,Apparel,Web,4,419.64
2024-08-15,SO-700514,Apparel,Web,3,221.22
2024-08-15,SO-700515,Home,Web,-3,-121.44
2024-08-15,SO-700516,Apparel,Marketplace,5,187.6
2024-08-15,SO-700517,Home,Marketplace,5,627.85
2024-08-16,SO-700518,Apparel,Web,2,135.78
2024-08-16,SO-700519,Electronics,Retail,2,175.12
2024-08-16,SO-700520,Apparel,Web,4,123.92
2024-08-16,SO-700521,Home,Retail,1,34.17
2024-08-16,SO-700522,Home,Web,1,198.23
2024-08-16,SO-700523,Home,Retail,5,280.75
2024-08-16,SO-700524,Electronics,Retail,2,216.04
2024-08-16,SO-700525,Electronics,Marketplace,5,384.8
2024-08-17,SO-700526,Apparel,Web,2,104.26
2024-08-17,SO-700527,Electronics,Web,4,173.4
2024-08-17,SO-700528,Apparel,Marketplace,4,330.6
2024-08-18,SO-700529,Electronics,Retail,4,524.12
2024-08-18,SO-700530,Apparel,Web,2,140.16
2024-08-18,SO-700531,Home,Web,1,84.0
2024-08-18,SO-700532,Home,Web,2,136.26
2024-08-18,SO-700533,Home,Web,1,49.12
2024-08-18,SO-700534,Electronics,Web,2,174.68
2024-08-18,SO-700535,Electronics,Web,1,116.18
2024-08-18,SO-700536,Home,Marketplace,4,196.08
2024-08-18,SO-700537,Apparel,Marketplace,5,517.55
2024-08-19,SO-700538,Electronics,Marketplace,3,205.74
2024-08-19,SO-700539,Electronics,Retail,3,93.33
2024-08-19,SO-700540,Home,Retail,1,164.5
2024-08-19,SO-700541,Apparel,Web,3,187.71
2024-08-19,SO-700542,Electronics,Web,1,147.44
2024-08-19,SO-700543,Apparel,Web,1,98.56
2024-08-19,SO-700544,Outdoor,Web,4,171.24
2024-08-20,SO-700545,Home,Web,2,115.78
2024-08-20,SO-700546,Home,Web,2,300.68
2024-08-20,SO-700547,Home,Retail,3,218.55
2024-08-20,SO-700548,Apparel,Web,1,21.61
2024-08-20,SO-700549,Electronics,Web,4,184.72
2024-08-20,SO-700550,Outdoor,Web,4,526.0
2024-08-20,SO-700551,Outdoor,Web,-3,-329.28
2024-08-20,SO-700552,Home,Web,4,165.04
2024-08-20,SO-700553,Apparel,Web,2,226.74
2024-08-21,SO-700554,Apparel,Web,2,59.82
2024-08-21,SO-700555,Electronics,Marketplace,5,187.95
2024-08-21,SO-700556,Apparel,Web,5,709.6
2024-08-21,SO-700557,Home,Web,-4,-203.12
2024-08-21,SO-700558,Electronics,Marketplace,2,157.28
2024-08-21,SO-700559,Apparel,Web,-2,-39.54
2024-08-21,SO-700560,Apparel,Web,1,33.9
2024-08-21,SO-700561,Apparel,Web,4,453.48
2024-08-21,SO-700562,Home,Web,3,130.98
2024-08-21,SO-700563,Apparel,Web,5,378.5
2024-08-21,SO-700564,Home,Web,4,219.92
2024-08-21,SO-700565,Home,Marketplace,1,104.59
2024-08-22,SO-700566,Apparel,Retail,3,135.57
2024-08-22,SO-700567,Home,Marketplace,1,140.45
2024-08-22,SO-700568,Apparel,Retail,2,116.1
2024-08-22,SO-700569,Home,Marketplace,1,24.42
2024-08-22,SO-700570,Electronics,Web,3,145.35
2024-08-22,SO-700571,Home,Marketplace,5,278.3
2024-08-23,SO-700572,Apparel,Retail,1,72.78
2024-08-23,SO-700573,Electronics,Retail,3,171.51
2024-08-23,SO-700574,Outdoor,Marketplace,5,63.2
2024-08-23,SO-700575,Apparel,Marketplace,1,73.55
2024-08-23,SO-700576,Home,Web,4,91.84
2024-08-23,SO-700577,Electronics,Web,1,111.16
2024-08-23,SO-700578,Home,Marketplace,3,300.48
2024-08-23,SO-700579,Apparel,Marketplace,2,144.92
2024-08-23,SO-700580,Electronics,Web,2,149.04
2024-08-23,SO-700581,Home,Web,1,68.49
2024-08-23,SO-700582,Apparel,Web,4,546.8
2024-08-23,SO-700583,Apparel,Retail,4,202.72
2024-08-23,SO-700584,Electronics,Web,-4,-396.48
2024-08-23,SO-700585,Electronics,Web,4,143.84
2024-08-24,SO-700586,Electronics,Web,4,347.64
2024-08-24,SO-700587,Outdoor,Marketplace,-3,-192.96
2024-08-24,SO-700588,Outdoor,Marketplace,2,57.76
2024-08-24,SO-700589,Outdoor,Web,4,371.04
2024-08-24,SO-700590,Outdoor,Marketplace,2,57.88
2024-08-25,SO-700591,Electronics,Marketplace,3,283.71
2024-08-25,SO-700592,Apparel,Web,-2,-218.02
2024-08-25,SO-700593,Apparel,Web,4,515.2
2024-08-25,SO-700594,Apparel,Web,3,155.37
2024-08-25,SO-700595,Apparel,Web,1,64.12
2024-08-25,SO-700596,Outdoor,Web,4,325.8
2024-08-25,SO-700597,Electronics,Marketplace,-4,-251.52
2024-08-26,SO-700598,Apparel,Web,1,87.35
2024-08-26,SO-700599,Outdoor,Marketplace,4,146.24
2024-08-26,SO-700600,Apparel,Web,4,339.4
2024-08-26,SO-700601,Apparel,Retail,4,578.92
2024-08-26,SO-700602,Home,Retail,1,35.81
2024-08-26,SO-700603,Apparel,Marketplace,5,456.75
2024-08-26,SO-700604,Apparel,Marketplace,1,149.04
2024-08-26,SO-700605,Outdoor,Marketplace,5,427.95
2024-08-26,SO-700606,Electronics,Marketplace,4,264.16
2024-08-27,SO-700607,Apparel,Marketplace,1,200.29
2024-08-27,SO-700608,Electronics,Marketplace,3,284.94
2024-08-27,SO-700609,Apparel,Web,3,136.05
2024-08-27,SO-700610,Home,Retail,-4,-630.36
2024-08-27,SO-700611,Home,Web,2,116.6
2024-08-27,SO-700612,Home,Web,4,239.48
2024-08-27,SO-700613,Outdoor,Web,4,149.8
2024-08-27,SO-700614,Outdoor,Retail,2,123.68
2024-08-27,SO-700615,Outdoor,Retail,2,152.36
2024-08-28,SO-700616,Home,Marketplace,4,265.64
2024-08-28,SO-700617,Apparel,Web,1,133.08
2024-08-28,SO-700618,Apparel,Web,2,56.86
2024-08-28,SO-700619,Electronics,Web,3,367.17
2024-08-28,SO-700620,Home,Marketplace,3,110.46
2024-08-28,SO-700621,Apparel,Web,5,763.85
2024-08-28,SO-700622,Outdoor,Web,5,302.25
2024-08-28,SO-700623,Electronics,Marketplace,2,68.52
2024-08-29,SO-700624,Electronics,Web,3,128.43
2024-08-29,SO-700625,Home,Web,1,97.21
2024-08-29,SO-700626,Home,Web,5,234.75
2024-08-29,SO-700627,Outdoor,Marketplace,2,176.14
2024-08-29,SO-700628,Apparel,Web,5,688.2
2024-08-29,SO-700629,Home,Marketplace,4,516.6
2024-08-30,SO-700630,Electronics,Web,5,409.85
2024-08-30,SO-700631,Home,Marketplace,5,476.05
2024-08-30,SO-700632,Outdoor,Web,1,23.06
2024-08-30,SO-700633,Home,Retail,4,246.6
2024-08-30,SO-700634,Home,Web,1,63.0
2024-08-31,SO-700635,Apparel,Retail,4,284.68
2024-08-31,SO-700636,Apparel,Marketplace,1,30.96
2024-08-31,SO-700637,Electronics,Web,2,111.94
2024-08-31,SO-700638,Apparel,Web,1,72.53
2024-08-31,SO-700639,Electronics,Marketplace,1,86.69
2024-08-31,SO-700640,Apparel,Web,1,26.11
2024-08-31,SO-700641,Apparel,Web,4,285.56
2024-08-31,SO-700642,Home,Retail,4,547.0
2024-08-31,SO-700643,Outdoor,Marketplace,1,91.39
2024-08-31,SO-700644,Apparel,Web,2,183.32
2024-08-31,SO-700645,Electronics,Retail,1,84.84
2024-09-01,SO-700646,Outdoor,Web,3,317.73
2024-09-01,SO-700647,Apparel,Retail,5,285.65
2024-09-01,SO-700648,Electronics,Marketplace,5,454.9
2024-09-01,SO-700649,Apparel,Marketplace,2,133.9
2024-09-01,SO-700650,Home,Web,5,441.75
2024-09-01,SO-700651,Apparel,Retail,1,36.09
2024-09-02,SO-700652,Apparel,Web,-4,-163.04
2024-09-02,SO-700653,Home,Web,5,324.8
2024-09-03,SO-700654,Electronics,Marketplace,5,485.55
2024-09-03,SO-700655,Electronics,Web,4,547.28
2024-09-03,SO-700656,Electronics,Web,3,422.34
2024-09-03,SO-700657,Electronics,Marketplace,1,21.2
2024-09-03,SO-700658,Outdoor,Web,1,114.72
2024-09-03,SO-700659,Electronics,Web,2,80.14
2024-09-03,SO-700660,Apparel,Marketplace,1,65.79
2024-09-03,SO-700661,Apparel,Web,3,176.58
2024-09-03,SO-700662,Apparel,Marketplace,3,263.07
2024-09-03,SO-700663,Outdoor,Web,5,282.75
2024-09-03,SO-700664,Home,Web,3,193.8
2024-09-03,SO-700665,Apparel,Web,2,143.9
2024-09-03,SO-700666,Outdoor,Web,3,65.04
2024-09-03,SO-700667,Apparel,Web,2,91.32
2024-09-04,SO-700668,Apparel,Retail,4,311.88
2024-09-04,SO-700669,Apparel,Web,-1,-207.1
2024-09-04,SO-700670,Electronics,Retail,4,319.04
2024-09-04,SO-700671,Electronics,Retail,1,27.55
2024-09-04,SO-700672,Electronics,Retail,2,76.28
2024-09-04,SO-700673,Apparel,Marketplace,1,37.6
2024-09-04,SO-700674,Electronics,Marketplace,2,168.52
2024-09-05,SO-700675,Home,Retail,1,15.93
2024-09-05,SO-700676,Electronics,Marketplace,5,201.3
2024-09-05,SO-700677,Home,Web,1,53.58
2024-09-05,SO-700678,Home,Web,4,227.76
2024-09-05,SO-700679,Electronics,Web,3,349.05
2024-09-06,SO-700680,Home,Web,5,433.1
2024-09-06,SO-700681,Electronics,Web,5,330.85
2024-09-06,SO-700682,Home,Marketplace,2,48.62
2024-09-07,SO-700683,Apparel,Web,2,72.18
2024-09-07,SO-700684,Electronics,Web,2,169.18
2024-09-07,SO-700685,Apparel,Retail,1,72.23
2024-09-07,SO-700686,Electronics,Retail,4,199.0
2024-09-07,SO-700687,Electronics,Web,3,122.73
2024-09-07,SO-700688,Outdoor,Web,4,534.48
2024-09-08,SO-700689,Outdoor,Web,-1,-47.19
2024-09-08,SO-700690,Home,Web,5,563.7
2024-09-08,SO-700691,Outdoor,Retail,3,277.05
2024-09-08,SO-700692,Home,Retail,3,564.33
2024-09-08,SO-700693,Electronics,Marketplace,3,77.49
2024-09-08,SO-700694,Home,Web,3,38.04
2024-09-08,SO-700695,Electronics,Web,5,526.6
2024-09-09,SO-700696,Apparel,Web,1,56.08
2024-09-09,SO-700697,Apparel,Web,3,112.26
2024-09-09,SO-700698,Electronics,Web,2,190.64
2024-09-09,SO-700699,Home,Web,2,110.76
2024-09-09,SO-700700,Apparel,Web,3,88.89
2024-09-09,SO-700701,Apparel,Retail,1,24.0
2024-09-09,SO-700702,Outdoor,Web,1,141.65
2024-09-09,SO-700703,Apparel,Retail,2,54.08
2024-09-09,SO-700704,Apparel,Web,5,466.9
2024-09-09,SO-700705,Home,Web,4,468.64
2024-09-09,SO-700706,Home,Web,2,129.3
2024-09-10,SO-700707,Outdoor,Web,5,337.2
2024-09-10,SO-700708,Home,Web,5,168.25
2024-09-10,SO-700709,Electronics,Marketplace,1,72.41
2024-09-10,SO-700710,Apparel,Marketplace,4,324.8
2024-09-10,SO-700711,Apparel,Marketplace,3,345.9
2024-09-10,SO-700712,Home,Web,2,107.42
2024-09-11,SO-700713,Home,Web,2,43.28
2024-09-11,SO-700714,Apparel,Marketplace,1,72.01
2024-09-11,SO-700715,Electronics,Web,4,664.88
2024-09-11,SO-700716,Apparel,Retail,3,564.0
2024-09-11,SO-700717,Home,Web,4,164.4
2024-09-11,SO-700718,Apparel,Retail,2,96.64
2024-09-11,SO-700719,Home,Web,5,63.9
2024-09-11,SO-700720,Home,Marketplace,3,358.32
2024-09-12,SO-700721,Apparel,Web,4,188.2
2024-09-12,SO-700722,Outdoor,Marketplace,3,187.17
2024-09-12,SO-700723,Apparel,Web,1,30.06
2024-09-12,SO-700724,Apparel,Web,1,47.07
2024-09-12,SO-700725,Apparel,Web,-1,-16.56
2024-09-12,SO-700726,Apparel,Web,-3,-409.11
2024-09-12,SO-700727,Electronics,Web,-5,-218.6
2024-09-12,SO-700728,Outdoor,Web,2,107.66
2024-09-12,SO-700729,Apparel,Web,4,121.6
2024-09-13,SO-700730,Apparel,Web,3,204.72
2024-09-13,SO-700731,Home,Web,3,166.26
2024-09-13,SO-700732,Home,Web,4,151.56
2024-09-13,SO-700733,Outdoor,Web,3,190.23
2024-09-13,SO-700734,Apparel,Web,4,297.76
2024-09-13,SO-700735,Electronics,Web,2,85.92
2024-09-14,SO-700736,Apparel,Marketplace,4,410.44
2024-09-14,SO-700737,Apparel,Web,2,205.24
2024-09-14,SO-700738,Apparel,Web,1,72.11
2024-09-14,SO-700739,Outdoor,Marketplace,1,61.89
2024-09-14,SO-700740,Apparel,Marketplace,4,97.84
2024-09-14,SO-700741,Home,Web,2,240.96
2024-09-14,SO-700742,Apparel,Web,-3,-252.45
2024-09-15,SO-700743,Electronics,Web,3,214.77
2024-09-15,SO-700744,Electronics,Web,3,166.59
2024-09-15,SO-700745,Home,Web,2,93.64
2024-09-15,SO-700746,Apparel,Marketplace,3,555.9
2024-09-16,SO-700747,Apparel,Web,5,360.95
2024-09-16,SO-700748,Outdoor,Retail,-2,-73.1
2024-09-16,SO-700749,Electronics,Retail,-5,-508.55
2024-09-16,SO-700750,Electronics,Retail,2,183.98
2024-09-16,SO-700751,Apparel,Marketplace,3,370.38
2024-09-16,SO-700752,Home,Web,4,493.88
2024-09-16,SO-700753,Apparel,Marketplace,2,223.16
2024-09-16,SO-700754,Outdoor,Retail,3,115.68
2024-09-16,SO-700755,Electronics,Retail,5,735.8
2024-09-17,SO-700756,Outdoor,Web,2,251.4
2024-09-17,SO-700757,Outdoor,Marketplace,2,203.18
2024-09-17,SO-700758,Electronics,Web,3,101.25
2024-09-17,SO-700759,Outdoor,Web,-2,-232.04
2024-09-17,SO-700760,Apparel,Web,3,231.42
2024-09-17,SO-700761,Electronics,Web,5,269.35
2024-09-17,SO-700762,Home,Web,4,519.56
2024-09-17,SO-700763,Apparel,Marketplace,4,183.68
2024-09-19,SO-700764,Home,Web,3,196.41
2024-09-19,SO-700765,Outdoor,Marketplace,5,331.95
2024-09-19,SO-700766,Electronics,Marketplace,2,171.5
2024-09-19,SO-700767,Apparel,Marketplace,2,124.76
2024-09-19,SO-700768,Home,Marketplace,3,182.85
2024-09-19,SO-700769,Electronics,Marketplace,4,625.0
2024-09-19,SO-700770,Home,Marketplace,5,1118.55
2024-09-20,SO-700771,Apparel,Web,2,96.96
2024-09-20,SO-700772,Home,Web,5,435.2
2024-09-20,SO-700773,Home,Marketplace,3,312.42
2024-09-20,SO-700774,Home,Marketplace,1,43.7
2024-09-20,SO-700775,Apparel,Marketplace,2,130.0
2024-09-20,SO-700776,Home,Web,4,172.76
2024-09-20,SO-700777,Apparel,Web,4,222.32
2024-09-21,SO-700778,Home,Web,1,111.43
2024-09-21,SO-700779,Apparel,Retail,3,237.36
2024-09-21,SO-700780,Home,Retail,5,372.25
2024-09-21,SO-700781,Electronics,Marketplace,1,15.59
2024-09-21,SO-700782,Home,Web,5,391.35
2024-09-21,SO-700783,Outdoor,Web,2,73.18
2024-09-21,SO-700784,Outdoor,Marketplace,4,129.6
2024-09-21,SO-700785,Electronics,Retail,3,191.28
2024-09-21,SO-700786,Outdoor,Web,5,354.65
2024-09-22,SO-700787,Electronics,Marketplace,2,83.48
2024-09-22,SO-700788,Outdoor,Marketplace,2,167.92
2024-09-22,SO-700789,Outdoor,Marketplace,4,67.08
2024-09-22,SO-700790,Apparel,Web,1,83.67
2024-09-22,SO-700791,Outdoor,Web,5,705.95
2024-09-22,SO-700792,Home,Web,4,74.24
2024-09-22,SO-700793,Home,Web,3,120.42
2024-09-22,SO-700794,Apparel,Web,3,389.04
2024-09-23,SO-700795,Apparel,Web,1,53.52
2024-09-23,SO-700796,Outdoor,Web,1,130.66
2024-09-23,SO-700797,Outdoor,Web,2,24.34
2024-09-23,SO-700798,Outdoor,Marketplace,2,143.24
2024-09-23,SO-700799,Electronics,Web,4,101.16
2024-09-23,SO-700800,Home,Retail,1,84.42
2024-09-23,SO-700801,Outdoor,Retail,5,189.5
2024-09-23,SO-700802,Outdoor,Marketplace,3,404.82
2024-09-24,SO-700803,Electronics,Retail,-1,-45.13
2024-09-24,SO-700804,Electronics,Marketplace,5,472.75
2024-09-24,SO-700805,Apparel,Marketplace,5,536.8
2024-09-24,SO-700806,Electronics,Web,4,391.64
2024-09-24,SO-700807,Apparel,Retail,4,234.24
2024-09-24,SO-700808,Apparel,Web,1,18.08
2024-09-24,SO-700809,Outdoor,Marketplace,4,147.56
2024-09-24,SO-700810,Apparel,Web,3,147.54
2024-09-24,SO-700811,Outdoor,Web,4,448.28
2024-09-25,SO-700812,Apparel,Web,1,44.65
2024-09-25,SO-700813,Outdoor,Retail,1,26.16
2024-09-25,SO-700814,Apparel,Retail,2,113.38
2024-09-25,SO-700815,Home,Web,1,66.12
2024-09-25,SO-700816,Home,Web,4,547.96
2024-09-25,SO-700817,Electronics,Web,4,454.96
2024-09-25,SO-700818,Apparel,Retail,1,62.37
2024-09-25,SO-700819,Apparel,Marketplace,3,48.6
2024-09-26,SO-700820,Outdoor,Web,3,214.56
2024-09-26,SO-700821,Apparel,Marketplace,4,280.92
2024-09-26,SO-700822,Electronics,Marketplace,3,203.01
2024-09-26,SO-700823,Apparel,Web,3,288.84
2024-09-26,SO-700824,Outdoor,Web,4,218.16
2024-09-27,SO-700825,Home,Marketplace,2,330.9
2024-09-27,SO-700826,Home,Web,4,69.04
2024-09-27,SO-700827,Outdoor,Web,-4,-251.32
2024-09-27,SO-700828,Outdoor,Web,5,531.85
2024-09-27,SO-700829,Apparel,Marketplace,5,128.1
2024-09-27,SO-700830,Home,Web,1,26.35
2024-09-27,SO-700831,Home,Web,2,153.98
2024-09-27,SO-700832,Apparel,Web,1,170.47
2024-09-28,SO-700833,Electronics,Retail,4,51.2
2024-09-28,SO-700834,Apparel,Web,2,124.08
2024-09-28,SO-700835,Apparel,Web,5,380.05
2024-09-28,SO-700836,Electronics,Web,3,136.41
2024-09-28,SO-700837,Outdoor,Web,5,80.4
2024-09-29,SO-700838,Apparel,Marketplace,5,163.05
2024-09-29,SO-700839,Home,Web,3,62.25
2024-09-29,SO-700840,Apparel,Retail,2,137.6
2024-09-29,SO-700841,Apparel,Retail,5,131.05
2024-09-29,SO-700842,Apparel,Web,-3,-110.61
2024-09-29,SO-700843,Apparel,Web,4,158.0
2024-09-29,SO-700844,Outdoor,Web,4,512.24
2024-09-29,SO-700845,Home,Web,5,432.85
2024-09-29,SO-700846,Electronics,Retail,4,234.04
2024-09-29,SO-700847,Electronics,Retail,2,104.16
2024-09-29,SO-700848,Electronics,Web,4,322.76
2024-09-29,SO-700849,Home,Marketplace,-2,-190.9
2024-09-29,SO-700850,Apparel,Marketplace,1,73.28
2024-09-29,SO-700851,Apparel,Web,1,35.18
2024-09-30,SO-700852,Home,Retail,2,273.98
2024-09-30,SO-700853,Outdoor,Marketplace,2,230.16
2024-09-30,SO-700854,Home,Web,2,125.02
2024-09-30,SO-700855,Apparel,Web,5,738.65
2024-09-30,SO-700856,Outdoor,Retail,4,480.84
2024-09-30,SO-700857,Electronics,Web,5,393.35
2024-09-30,SO-700858,Electronics,Marketplace,4,407.6
2024-10-01,SO-700859,Apparel,Marketplace,2,257.24
2024-10-01,SO-700860,Electronics,Marketplace,1,98.58
2024-10-01,SO-700861,Electronics,Web,1,18.38
2024-10-01,SO-700862,Home,Web,1,88.7
2024-10-01,SO-700863,Home,Web,5,337.05
2024-10-02,SO-700864,Outdoor,Web,3,322.59
2024-10-02,SO-700865,Apparel,Web,2,241.04
2024-10-02,SO-700866,Home,Retail,4,44.2
2024-10-02,SO-700867,Home,Web,1,115.87
2024-10-02,SO-700868,Apparel,Web,3,420.78
2024-10-02,SO-700869,Outdoor,Web,4,195.12
2024-10-02,SO-700870,Home,Web,4,276.64
2024-10-02,SO-700871,Apparel,Web,3,44.4
2024-10-03,SO-700872,Electronics,Web,3,88.23
2024-10-03,SO-700873,Apparel,Web,5,100.75
2024-10-03,SO-700874,Outdoor,Retail,5,180.45
2024-10-03,SO-700875,Home,Marketplace,2,382.24
2024-10-03,SO-700876,Home,Marketplace,4,116.4
2024-10-03,SO-700877,Home,Marketplace,3,319.47
2024-10-03,SO-700878,Electronics,Web,2,140.6
2024-10-04,SO-700879,Electronics,Web,2,70.86
2024-10-04,SO-700880,Apparel,Web,1,25.17
2024-10-05,SO-700881,Home,Marketplace,2,171.94
2024-10-05,SO-700882,Outdoor,Web,4,144.92
2024-10-05,SO-700883,Apparel,Retail,1,14.38
2024-10-05,SO-700884,Electronics,Web,4,78.48
2024-10-05,SO-700885,Outdoor,Web,3,250.5
2024-10-05,SO-700886,Apparel,Web,1,138.07
2024-10-05,SO-700887,Apparel,Web,1,28.9
2024-10-05,SO-700888,Home,Marketplace,3,192.48
2024-10-05,SO-700889,Home,Web,5,223.5
2024-10-06,SO-700890,Outdoor,Web,5,302.35
2024-10-06,SO-700891,Apparel,Web,2,90.18
2024-10-06,SO-700892,Apparel,Web,1,44.96
2024-10-06,SO-700893,Apparel,Retail,4,159.72
2024-10-06,SO-700894,Apparel,Web,4,419.4
2024-10-07,SO-700895,Electronics,Web,2,128.2
2024-10-07,SO-700896,Electronics,Retail,4,384.88
2024-10-07,SO-700897,Home,Retail,5,289.3
2024-10-07,SO-700898,Outdoor,Web,2,69.94
2024-10-07,SO-700899,Home,Marketplace,4,109.0
2024-10-07,SO-700900,Home,Web,3,115.53
2024-10-07,SO-700901,Apparel,Marketplace,2,96.62
2024-10-08,SO-700902,Home,Web,3,212.88
2024-10-08,SO-700903,Apparel,Retail,1,37.37
2024-10-08,SO-700904,Home,Web,2,105.64
2024-10-08,SO-700905,Apparel,Marketplace,3,114.0
2024-10-08,SO-700906,Electronics,Web,-4,-109.2
2024-10-08,SO-700907,Electronics,Web,1,66.83
2024-10-08,SO-700908,Home,Marketplace,1,104.03
2024-10-08,SO-700909,Home,Web,5,96.05
2024-10-08,SO-700910,Apparel,Marketplace,4,228.88
2024-10-08,SO-700911,Electronics,Retail,1,29.32
2024-10-08,SO-700912,Apparel,Web,4,608.68
2024-10-09,SO-700913,Apparel,Web,5,146.95
2024-10-09,SO-700914,Apparel,Retail,4,298.48
2024-10-09,SO-700915,Apparel,Retail,1,30.33
2024-10-09,SO-700916,Outdoor,Retail,2,114.62
2024-10-09,SO-700917,Apparel,Marketplace,1,43.18
2024-10-10,SO-700918,Apparel,Marketplace,3,87.6
2024-10-10,SO-700919,Electronics,Web,3,97.68
2024-10-10,SO-700920,Home,Retail,4,220.12
2024-10-10,SO-700921,Apparel,Marketplace,1,43.78
2024-10-10,SO-700922,Electronics,Web,2,162.6
2024-10-10,SO-700923,Home,Web,1,88.8
2024-10-10,SO-700924,Outdoor,Web,1,55.09
2024-10-10,SO-700925,Electronics,Retail,3,250.26
2024-10-11,SO-700926,Electronics,Marketplace,4,403.12
2024-10-11,SO-700927,Outdoor,Marketplace,4,666.36
2024-10-11,SO-700928,Outdoor,Web,5,1180.7
2024-10-11,SO-700929,Home,Web,5,45.4
2024-10-11,SO-700930,Outdoor,Marketplace,3,175.32
2024-10-11,SO-700931,Home,Marketplace,3,85.29
2024-10-11,SO-700932,Apparel,Marketplace,1,84.42
2024-10-11,SO-700933,Apparel,Web,2,174.2
2024-10-12,SO-700934,Apparel,Web,2,238.32
2024-10-12,SO-700935,Apparel,Retail,5,326.5
2024-10-12,SO-700936,Apparel,Web,3,210.75
2024-10-12,SO-700937,Electronics,Web,5,186.95
2024-10-12,SO-700938,Home,Web,2,135.64
2024-10-12,SO-700939,Electronics,Web,2,23.32
2024-10-13,SO-700940,Apparel,Retail,5,315.3
2024-10-13,SO-700941,Home,Web,3,387.3
2024-10-13,SO-700942,Home,Marketplace,2,127.72
2024-10-13,SO-700943,Electronics,Retail,1,53.53
2024-10-13,SO-700944,Outdoor,Web,3,291.72
2024-10-13,SO-700945,Home,Web,4,132.56
2024-10-13,SO-700946,Apparel,Marketplace,3,266.07
2024-10-13,SO-700947,Home,Web,2,131.8
2024-10-13,SO-700948,Home,Retail,4,303.4
2024-10-13,SO-700949,Outdoor,Web,5,126.85
2024-10-14,SO-700950,Home,Web,3,143.76
2024-10-14,SO-700951,Home,Web,2,111.28
2024-10-14,SO-700952,Home,Marketplace,-5,-182.0
2024-10-14,SO-700953,Outdoor,Web,4,81.68
2024-10-14,SO-700954,Electronics,Marketplace,2,230.1
2024-10-14,SO-700955,Apparel,Web,2,235.78
2024-10-14,SO-700956,Electronics,Marketplace,4,351.32
2024-10-14,SO-700957,Home,Retail,5,507.15
2024-10-14,SO-700958,Outdoor,Web,3,345.27
2024-10-14,SO-700959,Apparel,Web,5,644.55
2024-10-14,SO-700960,Electronics,Marketplace,2,176.08
2024-10-14,SO-700961,Home,Marketplace,5,169.7
2024-10-15,SO-700962,Electronics,Marketplace,1,31.53
2024-10-15,SO-700963,Home,Web,2,134.48
2024-10-15,SO-700964,Electronics,Marketplace,5,286.05
2024-10-15,SO-700965,Apparel,Web,3,260.52
2024-10-15,SO-700966,Apparel,Retail,4,249.96
2024-10-15,SO-700967,Apparel,Web,4,431.76
2024-10-15,SO-700968,Outdoor,Web,4,192.92
2024-10-15,SO-700969,Apparel,Web,3,108.66
2024-10-15,SO-700970,Outdoor,Web,4,137.68
2024-10-15,SO-700971,Apparel,Web,1,89.01
2024-10-15,SO-700972,Home,Retail,3,88.86
2024-10-15,SO-700973,Outdoor,Marketplace,5,441.35
2024-10-16,SO-700974,Electronics,Web,4,74.52
2024-10-16,SO-700975,Electronics,Web,1,75.83
2024-10-16,SO-700976,Outdoor,Web,5,291.75
2024-10-16,SO-700977,Electronics,Marketplace,4,204.8
2024-10-16,SO-700978,Apparel,Web,-3,-209.4
2024-10-16,SO-700979,Electronics,Marketplace,5,751.95
2024-10-16,SO-700980,Outdoor,Web,2,108.3
2024-10-16,SO-700981,Electronics,Web,4,252.72
2024-10-17,SO-700982,Home,Web,4,98.24
2024-10-17,SO-700983,Home,Marketplace,4,99.4
2024-10-17,SO-700984,Apparel,Retail,3,117.24
2024-10-17,SO-700985,Home,Retail,4,158.28
2024-10-18,SO-700986,Outdoor,Web,5,697.6
2024-10-18,SO-700987,Apparel,Marketplace,5,495.7
2024-10-18,SO-700988,Apparel,Web,1,24.6
2024-10-18,SO-700989,Outdoor,Marketplace,4,605.56
2024-10-18,SO-700990,Apparel,Marketplace,1,19.89
2024-10-18,SO-700991,Outdoor,Web,-4,-148.2
2024-10-18,SO-700992,Home,Web,3,210.75
2024-10-18,SO-700993,Apparel,Web,1,103.46
2024-10-18,SO-700994,Electronics,Web,2,187.82
2024-10-18,SO-700995,Apparel,Marketplace,4,232.16
2024-10-19,SO-700996,Home,Web,1,44.77
2024-10-19,SO-700997,Apparel,Web,2,211.74
2024-10-19,SO-700998,Apparel,Retail,3,573.81
2024-10-19,SO-700999,Electronics,Marketplace,2,145.88
2024-10-19,SO-701000,Home,Web,3,370.5
2024-10-19,SO-701001,Apparel,Web,4,253.36
2024-10-19,SO-701002,Home,Retail,1,52.23
2024-10-20,SO-701003,Outdoor,Marketplace,1,112.65
2024-10-20,SO-701004,Apparel,Marketplace,4,407.72
2024-10-20,SO-701005,Home,Web,3,368.58
2024-10-20,SO-701006,Electronics,Web,5,297.55
2024-10-20,SO-701007,Apparel,Marketplace,5,1131.8
2024-10-20,SO-701008,Outdoor,Marketplace,-4,-316.2
2024-10-20,SO-701009,Electronics,Marketplace,3,162.84
2024-10-20,SO-701010,Home,Web,5,571.15
2024-10-20,SO-701011,Home,Retail,5,611.55
2024-10-20,SO-701012,Outdoor,Web,1,44.2
2024-10-20,SO-701013,Home,Marketplace,4,226.12
2024-10-20,SO-701014,Outdoor,Retail,1,114.0
2024-10-20,SO-701015,Home,Marketplace,4,175.12
2024-10-20,SO-701016,Apparel,Web,5,73.3
2024-10-21,SO-701017,Electronics,Web,3,269.88
2024-10-21,SO-701018,Apparel,Web,5,254.05
2024-10-21,SO-701019,Electronics,Web,4,234.8
2024-10-21,SO-701020,Electronics,Marketplace,5,305.3
2024-10-21,SO-701021,Electronics,Retail,2,250.34
2024-10-21,SO-701022,Apparel,Web,5,236.95
2024-10-21,SO-701023,Outdoor,Web,2,164.98
2024-10-21,SO-701024,Home,Web,-1,-76.07
2024-10-22,SO-701025,Apparel,Web,2,52.02
2024-10-22,SO-701026,Apparel,Marketplace,5,347.65
2024-10-22,SO-701027,Apparel,Retail,4,379.24
2024-10-22,SO-701028,Apparel,Web,2,123.5
2024-10-22,SO-701029,Home,Retail,1,48.84
2024-10-22,SO-701030,Apparel,Web,4,622.44
2024-10-23,SO-701031,Apparel,Marketplace,3,519.57
2024-10-23,SO-701032,Electronics,Web,1,42.59
2024-10-23,SO-701033,Electronics,Marketplace,4,268.04
2024-10-23,SO-701034,Home,Marketplace,1,88.47
2024-10-23,SO-701035,Apparel,Marketplace,5,263.1
2024-10-23,SO-701036,Apparel,Web,2,73.86
2024-10-23,SO-701037,Home,Web,-1,-75.31
2024-10-23,SO-701038,Outdoor,Marketplace,1,59.91
2024-10-24,SO-701039,Apparel,Web,3,204.09
2024-10-24,SO-701040,Electronics,Retail,1,85.36
2024-10-24,SO-701041,Home,Marketplace,4,70.36
2024-10-24,SO-701042,Home,Marketplace,4,141.28
2024-10-24,SO-701043,Home,Marketplace,5,71.65
2024-10-24,SO-701044,Apparel,Web,4,153.28
2024-10-24,SO-701045,Apparel,Marketplace,1,80.23
2024-10-25,SO-701046,Home,Web,4,463.72
2024-10-25,SO-701047,Home,Marketplace,4,192.08
2024-10-25,SO-701048,Apparel,Retail,5,658.2
2024-10-26,SO-701049,Home,Web,5,226.15
2024-10-26,SO-701050,Apparel,Marketplace,2,118.98
2024-10-26,SO-701051,Home,Marketplace,1,36.98
2024-10-26,SO-701052,Apparel,Marketplace,4,149.84
2024-10-26,SO-701053,Outdoor,Marketplace,5,595.05
2024-10-26,SO-701054,Home,Web,4,261.52
2024-10-26,SO-701055,Apparel,Web,2,47.44
2024-10-26,SO-701056,Home,Web,1,66.33
2024-10-26,SO-701057,Electronics,Retail,3,207.0
2024-10-26,SO-701058,Apparel,Marketplace,5,144.9
2024-10-26,SO-701059,Apparel,Web,1,168.42
2024-10-26,SO-701060,Electronics,Web,4,212.28
2024-10-26,SO-701061,Apparel,Retail,2,95.42
2024-10-26,SO-701062,Outdoor,Web,3,628.74
2024-10-26,SO-701063,Outdoor,Marketplace,3,182.07
2024-10-26,SO-701064,Apparel,Web,4,611.84
2024-10-27,SO-701065,Home,Web,4,331.24
2024-10-27,SO-701066,Apparel,Web,4,479.8
2024-10-27,SO-701067,Electronics,Marketplace,3,333.81
2024-10-27,SO-701068,Home,Web,4,310.56
2024-10-27,SO-701069,Home,Marketplace,4,627.0
2024-10-27,SO-701070,Electronics,Web,2,183.82
2024-10-27,SO-701071,Outdoor,Web,5,329.6
2024-10-28,SO-701072,Electronics,Marketplace,2,39.62
2024-10-28,SO-701073,Electronics,Web,1,30.78
2024-10-28,SO-701074,Apparel,Web,1,60.1
2024-10-28,SO-701075,Home,Web,1,114.85
2024-10-28,SO-701076,Apparel,Retail,2,33.62
2024-10-29,SO-701077,Electronics,Marketplace,3,367.26
2024-10-29,SO-701078,Apparel,Marketplace,3,239.13
2024-10-29,SO-701079,Apparel,Marketplace,1,31.77
2024-10-29,SO-701080,Electronics,Marketplace,4,50.84
2024-10-29,SO-701081,Outdoor,Web,3,196.71
2024-10-29,SO-701082,Apparel,Web,2,100.48
2024-10-29,SO-701083,Apparel,Retail,3,219.66
2024-10-29,SO-701084,Home,Web,5,213.25
2024-10-29,SO-701085,Electronics,Web,-3,-295.44
2024-10-29,SO-701086,Apparel,Web,5,491.4
2024-10-30,SO-701087,Home,Marketplace,3,467.07
2024-10-30,SO-701088,Apparel,Web,4,254.76
2024-10-30,SO-701089,Home,Retail,5,844.45
2024-10-30,SO-701090,Home,Web,4,446.16
2024-10-30,SO-701091,Electronics,Marketplace,3,240.96
2024-10-30,SO-701092,Electronics,Web,3,265.53
2024-10-31,SO-701093,Apparel,Marketplace,3,187.77
2024-10-31,SO-701094,Home,Web,1,92.9
2024-10-31,SO-701095,Home,Retail,3,314.97
2024-10-31,SO-701096,Outdoor,Web,-3,-375.33
2024-10-31,SO-701097,Apparel,Marketplace,2,145.08
2024-10-31,SO-701098,Electronics,Web,3,67.56
2024-10-31,SO-701099,Outdoor,Retail,2,213.92
2024-11-01,SO-701100,Home,Marketplace,2,54.06
2024-11-01,SO-701101,Electronics,Marketplace,5,714.9
2024-11-01,SO-701102,Home,Marketplace,3,362.07
2024-11-01,SO-701103,Apparel,Retail,1,48.81
2024-11-01,SO-701104,Apparel,Web,1,104.86
2024-11-01,SO-701105,Electronics,Web,4,324.48
2024-11-01,SO-701106,Electronics,Marketplace,3,71.61
2024-11-02,SO-701107,Apparel,Web,5,288.1
2024-11-02,SO-701108,Home,Web,1,60.09
2024-11-02,SO-701109,Electronics,Web,1,47.11
2024-11-02,SO-701110,Electronics,Web,2,40.26
2024-11-02,SO-701111,Home,Marketplace,5,248.5
2024-11-02,SO-701112,Apparel,Web,2,38.72
2024-11-03,SO-701113,Home,Web,1,58.14
2024-11-03,SO-701114,Apparel,Marketplace,1,63.23
2024-11-03,SO-701115,Outdoor,Marketplace,4,355.12
2024-11-03,SO-701116,Apparel,Retail,2,52.76
2024-11-03,SO-701117,Apparel,Marketplace,5,415.7
2024-11-03,SO-701118,Electronics,Web,4,89.64
2024-11-04,SO-701119,Apparel,Marketplace,4,407.12
2024-11-04,SO-701120,Apparel,Web,1,16.42
2024-11-04,SO-701121,Outdoor,Marketplace,-4,-259.4
2024-11-04,SO-701122,Home,Marketplace,5,286.7
2024-11-04,SO-701123,Outdoor,Web,4,118.6
2024-11-04,SO-701124,Apparel,Marketplace,5,357.6
2024-11-04,SO-701125,Electronics,Web,1,106.86
2024-11-04,SO-701126,Electronics,Marketplace,-5,-746.25
2024-11-04,SO-701127,Apparel,Marketplace,2,120.38
2024-11-05,SO-701128,Electronics,Web,-5,-262.7
2024-11-05,SO-701129,Apparel,Retail,5,361.6
2024-11-05,SO-701130,Electronics,Retail,2,136.48
2024-11-05,SO-701131,Home,Web,3,147.54
2024-11-05,SO-701132,Home,Web,-3,-169.35
2024-11-05,SO-701133,Home,Retail,2,68.32
2024-11-05,SO-701134,Home,Web,-1,-75.54
2024-11-06,SO-701135,Apparel,Web,4,306.12
2024-11-06,SO-701136,Apparel,Web,2,131.72
2024-11-06,SO-701137,Apparel,Marketplace,5,257.95
2024-11-06,SO-701138,Apparel,Web,4,222.36
2024-11-06,SO-701139,Apparel,Marketplace,2,124.68
2024-11-06,SO-701140,Apparel,Web,3,249.45
2024-11-06,SO-701141,Apparel,Web,1,57.52
2024-11-07,SO-701142,Electronics,Web,-2,-225.62
2024-11-07,SO-701143,Outdoor,Marketplace,3,619.17
2024-11-07,SO-701144,Outdoor,Web,3,193.2
2024-11-07,SO-701145,Electronics,Web,3,229.08
2024-11-07,SO-701146,Apparel,Retail,4,176.8
2024-11-07,SO-701147,Outdoor,Web,1,12.86
2024-11-08,SO-701148,Home,Web,5,585.95
2024-11-08,SO-701149,Apparel,Web,3,567.21
2024-11-08,SO-701150,Apparel,Marketplace,-5,-253.45
2024-11-08,SO-701151,Home,Retail,1,97.06
2024-11-08,SO-701152,Outdoor,Web,2,106.74
2024-11-09,SO-701153,Outdoor,Web,3,64.92
2024-11-09,SO-701154,Home,Web,5,364.05
2024-11-09,SO-701155,Home,Marketplace,3,128.79
2024-11-09,SO-701156,Electronics,Web,3,402.63
2024-11-09,SO-701157,Electronics,Web,2,114.94
2024-11-10,SO-701158,Electronics,Retail,3,34.35
2024-11-10,SO-701159,Apparel,Web,2,64.3
2024-11-10,SO-701160,Apparel,Retail,1,81.45
2024-11-10,SO-701161,Outdoor,Web,4,373.0
2024-11-10,SO-701162,Apparel,Web,5,304.25
2024-11-10,SO-701163,Electronics,Web,1,83.41
2024-11-11,SO-701164,Apparel,Web,2,90.02
2024-11-11,SO-701165,Electronics,Web,4,553.4
2024-11-11,SO-701166,Home,Web,2,109.64
2024-11-11,SO-701167,Home,Web,5,219.35
2024-11-11,SO-701168,Electronics,Web,5,441.9
2024-11-11,SO-701169,Apparel,Web,2,172.14
2024-11-11,SO-701170,Electronics,Web,1,127.97
2024-11-11,SO-701171,Home,Web,2,200.46
2024-11-11,SO-701172,Home,Web,3,172.11
2024-11-11,SO-701173,Electronics,Marketplace,1,77.7
2024-11-11,SO-701174,Home,Web,4,188.68
2024-11-11,SO-701175,Electronics,Marketplace,5,240.6
2024-11-11,SO-701176,Outdoor,Marketplace,-5,-147.95
2024-11-11,SO-701177,Home,Marketplace,3,336.06
2024-11-12,SO-701178,Electronics,Web,4,149.0
2024-11-12,SO-701179,Electronics,Web,3,52.92
2024-11-12,SO-701180,Home,Marketplace,5,621.05
2024-11-12,SO-701181,Apparel,Web,4,220.6
2024-11-12,SO-701182,Home,Retail,5,554.05
2024-11-12,SO-701183,Outdoor,Marketplace,2,163.3
2024-11-12,SO-701184,Apparel,Retail,3,471.96
2024-11-12,SO-701185,Home,Marketplace,4,223.68
2024-11-12,SO-701186,Electronics,Marketplace,4,270.08
2024-11-13,SO-701187,Apparel,Web,4,130.48
2024-11-13,SO-701188,Outdoor,Marketplace,1,42.35
2024-11-13,SO-701189,Home,Web,4,278.36
2024-11-13,SO-701190,Home,Web,1,54.63
2024-11-13,SO-701191,Electronics,Web,2,237.68
2024-11-13,SO-701192,Apparel,Web,2,173.52
2024-11-14,SO-701193,Apparel,Retail,1,60.79
2024-11-14,SO-701194,Outdoor,Web,4,287.76
2024-11-14,SO-701195,Outdoor,Retail,1,67.8
2024-11-14,SO-701196,Electronics,Web,3,490.86
2024-11-14,SO-701197,Home,Web,1,32.21
2024-11-14,SO-701198,Apparel,Web,1,91.21
2024-11-15,SO-701199,Outdoor,Retail,4,176.16
2024-11-15,SO-701200,Outdoor,Marketplace,2,364.8
2024-11-15,SO-701201,Apparel,Marketplace,3,107.49
2024-11-15,SO-701202,Home,Web,2,125.18
2024-11-15,SO-701203,Apparel,Retail,4,352.56
2024-11-15,SO-701204,Home,Web,4,608.04
2024-11-15,SO-701205,Outdoor,Web,2,169.96
2024-11-15,SO-701206,Home,Marketplace,3,75.12
2024-11-15,SO-701207,Home,Web,2,137.48
2024-11-15,SO-701208,Electronics,Retail,1,41.13
2024-11-15,SO-701209,Home,Retail,5,368.4
2024-11-15,SO-701210,Electronics,Marketplace,5,539.45
2024-11-15,SO-701211,Electronics,Web,5,127.45
2024-11-15,SO-701212,Apparel,Web,1,138.59
2024-11-16,SO-701213,Outdoor,Web,3,351.81
2024-11-16,SO-701214,Electronics,Marketplace,5,91.5
2024-11-16,SO-701215,Electronics,Marketplace,1,59.53
2024-11-16,SO-701216,Home,Web,4,572.24
2024-11-16,SO-701217,Apparel,Retail,5,159.6
2024-11-16,SO-701218,Home,Web,1,47.24
2024-11-16,SO-701219,Apparel,Marketplace,1,38.77
2024-11-16,SO-701220,Electronics,Web,1,117.03
2024-11-16,SO-701221,Outdoor,Web,3,94.2
2024-11-17,SO-701222,Apparel,Web,4,167.72
2024-11-17,SO-701223,Outdoor,Marketplace,4,308.04
2024-11-17,SO-701224,Home,Marketplace,4,289.68
2024-11-17,SO-701225,Apparel,Web,1,92.81
2024-11-17,SO-701226,Apparel,Retail,5,551.2
2024-11-17,SO-701227,Electronics,Marketplace,2,72.9
2024-11-17,SO-701228,Apparel,Marketplace,1,36.87
2024-11-18,SO-701229,Home,Web,4,160.2
2024-11-18,SO-701230,Electronics,Web,2,123.0
2024-11-18,SO-701231,Home,Web,4,171.56
2024-11-18,SO-701232,Outdoor,Retail,1,83.96
2024-11-18,SO-701233,Apparel,Marketplace,3,95.46
2024-11-18,SO-701234,Electronics,Retail,3,140.01
2024-11-18,SO-701235,Apparel,Web,4,223.88
2024-11-18,SO-701236,Home,Retail,3,209.04
2024-11-18,SO-701237,Home,Retail,1,71.42
2024-11-19,SO-701238,Home,Web,5,368.85
2024-11-19,SO-701239,Outdoor,Marketplace,2,31.6
2024-11-19,SO-701240,Apparel,Web,1,102.81
2024-11-19,SO-701241,Electronics,Marketplace,1,47.35
2024-11-19,SO-701242,Home,Web,-3,-126.39
2024-11-19,SO-701243,Electronics,Retail,1,53.67
2024-11-20,SO-701244,Home,Web,-2,-154.36
2024-11-20,SO-701245,Outdoor,Web,3,182.28
2024-11-20,SO-701246,Home,Web,2,222.32
2024-11-20,SO-701247,Apparel,Web,1,53.2
2024-11-20,SO-701248,Electronics,Web,2,56.5
2024-11-21,SO-701249,Outdoor,Web,2,39.76
2024-11-21,SO-701250,Apparel,Marketplace,5,203.15
2024-11-21,SO-701251,Electronics,Marketplace,3,175.95
2024-11-21,SO-701252,Apparel,Web,-4,-431.56
2024-11-21,SO-701253,Apparel,Web,1,96.31
2024-11-21,SO-701254,Apparel,Marketplace,3,195.36
2024-11-21,SO-701255,Apparel,Web,4,825.28
2024-11-21,SO-701256,Outdoor,Web,5,411.2
2024-11-21,SO-701257,Apparel,Marketplace,1,50.16
2024-11-21,SO-701258,Outdoor,Web,4,377.0
2024-11-21,SO-701259,Home,Marketplace,3,287.94
2024-11-22,SO-701260,Apparel,Marketplace,5,240.0
2024-11-22,SO-701261,Apparel,Web,4,296.48
2024-11-22,SO-701262,Home,Marketplace,2,236.54
2024-11-22,SO-701263,Home,Web,1,79.27
2024-11-22,SO-701264,Outdoor,Web,4,270.12
2024-11-22,SO-701265,Apparel,Web,-3,-299.88
2024-11-22,SO-701266,Apparel,Marketplace,5,254.95
2024-11-22,SO-701267,Home,Marketplace,4,531.48
2024-11-22,SO-701268,Electronics,Web,4,316.12
2024-11-23,SO-701269,Apparel,Web,1,28.47
2024-11-23,SO-701270,Electronics,Web,5,625.45
2024-11-23,SO-701271,Home,Web,1,100.15
2024-11-23,SO-701272,Apparel,Retail,4,416.76
2024-11-23,SO-701273,Home,Web,4,379.0
2024-11-24,SO-701274,Home,Marketplace,-2,-48.96
2024-11-24,SO-701275,Home,Web,5,261.2
2024-11-24,SO-701276,Outdoor,Marketplace,-2,-180.06
2024-11-24,SO-701277,Apparel,Web,4,150.92
2024-11-24,SO-701278,Home,Web,4,344.64
2024-11-24,SO-701279,Home,Retail,1,74.96
2024-11-25,SO-701280,Apparel,Retail,5,607.15
2024-11-25,SO-701281,Apparel,Web,-4,-208.6
2024-11-25,SO-701282,Electronics,Marketplace,-2,-263.64
2024-11-25,SO-701283,Outdoor,Marketplace,4,299.12
2024-11-25,SO-701284,Outdoor,Marketplace,2,113.42
2024-11-25,SO-701285,Outdoor,Web,4,386.6
2024-11-25,SO-701286,Electronics,Web,1,50.62
2024-11-25,SO-701287,Home,Web,4,66.72
2024-11-25,SO-701288,Home,Retail,3,142.26
2024-11-25,SO-701289,Apparel,Web,2,79.62
2024-11-26,SO-701290,Home,Marketplace,4,45.0
2024-11-26,SO-701291,Electronics,Marketplace,5,233.85
2024-11-26,SO-701292,Outdoor,Web,2,75.7
2024-11-26,SO-701293,Outdoor,Web,3,141.3
2024-11-26,SO-701294,Electronics,Web,4,263.0
2024-11-26,SO-701295,Outdoor,Retail,1,29.72
2024-11-27,SO-701296,Outdoor,Web,-1,-13.3
2024-11-27,SO-701297,Outdoor,Web,2,239.1
2024-11-27,SO-701298,Electronics,Web,4,288.2
2024-11-27,SO-701299,Home,Web,-4,-300.4
2024-11-27,SO-701300,Electronics,Retail,2,172.02
2024-11-27,SO-701301,Apparel,Web,-1,-117.81
2024-11-27,SO-701302,Home,Retail,4,242.2
2024-11-27,SO-701303,Electronics,Marketplace,1,56.34
2024-11-28,SO-701304,Outdoor,Retail,4,184.16
2024-11-28,SO-701305,Electronics,Marketplace,5,283.4
2024-11-28,SO-701306,Home,Marketplace,2,49.96
2024-11-28,SO-701307,Electronics,Web,3,164.46
2024-11-29,SO-701308,Outdoor,Web,4,373.08
2024-11-29,SO-701309,Apparel,Web,2,265.04
2024-11-29,SO-701310,Home,Marketplace,4,170.64
2024-11-29,SO-701311,Outdoor,Marketplace,3,286.29
2024-11-29,SO-701312,Electronics,Web,5,329.85
2024-11-29,SO-701313,Apparel,Web,3,121.98
2024-11-30,SO-701314,Apparel,Marketplace,2,844.08
2024-11-30,SO-701315,Home,Marketplace,2,473.54
2024-11-30,SO-701316,Home,Marketplace,2,107.74
2024-11-30,SO-701317,Home,Marketplace,4,109.4
2024-11-30,SO-701318,Home,Retail,2,160.86
2024-11-30,SO-701319,Home,Web,3,423.63
2024-11-30,SO-701320,Outdoor,Web,4,90.96
2024-11-30,SO-701321,Home,Marketplace,5,194.35
2024-11-30,SO-701322,Apparel,Web,1,27.58
2024-11-30,SO-701323,Outdoor,Web,1,110.96
2024-11-30,SO-701324,Home,Web,5,265.65
2024-11-30,SO-701325,Electronics,Marketplace,2,177.66
2024-12-01,SO-701326,Home,Marketplace,2,112.28
2024-12-01,SO-701327,Home,Web,3,147.93
2024-12-01,SO-701328,Apparel,Web,5,242.6
2024-12-01,SO-701329,Home,Web,4,163.04
2024-12-01,SO-701330,Home,Marketplace,4,528.04
2024-12-01,SO-701331,Home,Marketplace,1,37.58
2024-12-01,SO-701332,Electronics,Marketplace,5,400.2
2024-12-01,SO-701333,Home,Web,3,306.9
2024-12-02,SO-701334,Apparel,Retail,5,279.45
2024-12-02,SO-701335,Apparel,Retail,3,119.43
2024-12-02,SO-701336,Home,Web,5,152.95
2024-12-02,SO-701337,Apparel,Marketplace,1,26.82
2024-12-02,SO-701338,Home,Retail,3,287.4
2024-12-02,SO-701339,Outdoor,Marketplace,5,258.15
2024-12-02,SO-701340,Apparel,Web,3,84.99
2024-12-02,SO-701341,Apparel,Web,5,253.4
2024-12-02,SO-701342,Apparel,Web,2,101.0
2024-12-03,SO-701343,Home,Retail,1,153.6
2024-12-03,SO-701344,Apparel,Web,5,219.6
2024-12-03,SO-701345,Home,Marketplace,3,138.84
2024-12-03,SO-701346,Electronics,Marketplace,-4,-208.28
2024-12-03,SO-701347,Home,Marketplace,5,308.3
2024-12-03,SO-701348,Outdoor,Web,-5,-469.25
2024-12-03,SO-701349,Home,Web,4,329.72
2024-12-03,SO-701350,Apparel,Web,3,209.25
2024-12-03,SO-701351,Outdoor,Marketplace,1,75.65
2024-12-04,SO-701352,Home,Retail,4,346.16
2024-12-04,SO-701353,Electronics,Marketplace,-2,-127.1
2024-12-04,SO-701354,Outdoor,Web,4,303.76
2024-12-04,SO-701355,Outdoor,Web,5,84.6
2024-12-04,SO-701356,Home,Web,2,173.42
2024-12-05,SO-701357,Apparel,Web,3,196.5
2024-12-05,SO-701358,Electronics,Web,5,200.2
2024-12-05,SO-701359,Apparel,Web,1,64.22
2024-12-05,SO-701360,Apparel,Web,5,234.95
2024-12-05,SO-701361,Home,Web,4,399.72
2024-12-05,SO-701362,Electronics,Marketplace,1,39.4
2024-12-05,SO-701363,Electronics,Marketplace,4,275.48
2024-12-06,SO-701364,Apparel,Web,4,282.04
2024-12-06,SO-701365,Home,Marketplace,1,60.59
2024-12-06,SO-701366,Apparel,Marketplace,2,112.04
2024-12-06,SO-701367,Home,Web,2,28.94
2024-12-06,SO-701368,Home,Web,3,358.65
2024-12-06,SO-701369,Electronics,Web,2,163.8
2024-12-06,SO-701370,Outdoor,Web,3,185.91
2024-12-07,SO-701371,Electronics,Retail,-2,-41.64
2024-12-07,SO-701372,Electronics,Web,3,204.24
2024-12-07,SO-701373,Electronics,Web,1,44.45
2024-12-07,SO-701374,Apparel,Retail,1,70.79
2024-12-07,SO-701375,Electronics,Web,3,144.81
2024-12-07,SO-701376,Apparel,Web,5,558.2
2024-12-07,SO-701377,Apparel,Marketplace,1,53.91
2024-12-07,SO-701378,Home,Web,4,141.48
2024-12-07,SO-701379,Apparel,Marketplace,5,900.8
2024-12-08,SO-701380,Electronics,Web,4,424.64
2024-12-08,SO-701381,Electronics,Marketplace,3,366.99
2024-12-08,SO-701382,Home,Web,4,200.64
2024-12-08,SO-701383,Apparel,Marketplace,4,68.08
2024-12-08,SO-701384,Outdoor,Retail,-1,-123.86
2024-12-08,SO-701385,Home,Web,2,257.12
2024-12-08,SO-701386,Home,Web,1,42.4
2024-12-09,SO-701387,Home,Web,1,39.26
2024-12-09,SO-701388,Apparel,Web,4,111.84
2024-12-09,SO-701389,Home,Web,5,411.8
2024-12-09,SO-701390,Electronics,Marketplace,5,423.4
2024-12-09,SO-701391,Apparel,Web,-1,-12.84
2024-12-09,SO-701392,Outdoor,Retail,1,37.53
2024-12-09,SO-701393,Home,Marketplace,3,299.31
2024-12-09,SO-701394,Apparel,Marketplace,1,57.53
2024-12-09,SO-701395,Apparel,Web,-4,-150.48
2024-12-09,SO-701396,Apparel,Marketplace,4,167.16
2024-12-10,SO-701397,Home,Retail,-4,-215.04
2024-12-10,SO-701398,Electronics,Web,4,229.72
2024-12-10,SO-701399,Home,Web,5,76.1
2024-12-10,SO-701400,Electronics,Marketplace,-1,-83.11
2024-12-10,SO-701401,Apparel,Web,3,308.94
2024-12-10,SO-701402,Apparel,Web,4,183.92
2024-12-10,SO-701403,Home,Marketplace,3,82.56
2024-12-10,SO-701404,Apparel,Marketplace,3,36.24
2024-12-10,SO-701405,Outdoor,Web,2,139.46
2024-12-11,SO-701406,Electronics,Web,2,345.38
2024-12-11,SO-701407,Outdoor,Web,1,64.38
2024-12-11,SO-701408,Electronics,Web,5,378.6
2024-12-11,SO-701409,Apparel,Marketplace,2,152.96
2024-12-11,SO-701410,Home,Retail,1,123.82
2024-12-11,SO-701411,Apparel,Web,5,604.9
2024-12-11,SO-701412,Apparel,Marketplace,5,71.8
2024-12-12,SO-701413,Electronics,Retail,-3,-28.41
2024-12-12,SO-701414,Home,Web,5,123.8
2024-12-12,SO-701415,Home,Web,1,45.77
2024-12-12,SO-701416,Home,Marketplace,4,145.32
2024-12-12,SO-701417,Home,Web,1,38.32
2024-12-12,SO-701418,Apparel,Marketplace,-5,-181.2
2024-12-12,SO-701419,Apparel,Marketplace,5,602.65
2024-12-12,SO-701420,Apparel,Web,5,267.1
2024-12-12,SO-701421,Apparel,Web,2,50.9
2024-12-12,SO-701422,Outdoor,Marketplace,4,643.76
2024-12-13,SO-701423,Home,Retail,1,16.25
2024-12-13,SO-701424,Home,Web,3,333.21
2024-12-13,SO-701425,Electronics,Web,2,416.62
2024-12-13,SO-701426,Outdoor,Marketplace,1,90.75
2024-12-13,SO-701427,Apparel,Marketplace,4,412.08
2024-12-13,SO-701428,Home,Web,2,214.84
2024-12-13,SO-701429,Home,Web,1,23.66
2024-12-13,SO-701430,Outdoor,Marketplace,3,461.97
2024-12-13,SO-701431,Outdoor,Web,5,447.6
2024-12-13,SO-701432,Apparel,Marketplace,4,225.44
2024-12-14,SO-701433,Home,Web,-5,-114.1
2024-12-14,SO-701434,Electronics,Marketplace,4,509.76
2024-12-14,SO-701435,Outdoor,Web,2,157.66
2024-12-14,SO-701436,Apparel,Retail,2,203.56
2024-12-14,SO-701437,Electronics,Web,4,411.32
2024-12-14,SO-701438,Electronics,Marketplace,3,148.86
2024-12-14,SO-701439,Outdoor,Web,4,194.28
2024-12-14,SO-701440,Apparel,Retail,1,111.48
2024-12-14,SO-701441,Apparel,Marketplace,5,319.35
2024-12-14,SO-701442,Electronics,Web,5,318.15
2024-12-15,SO-701443,Apparel,Marketplace,1,39.36
2024-12-15,SO-701444,Electronics,Retail,-3,-251.43
2024-12-15,SO-701445,Apparel,Web,1,68.71
2024-12-15,SO-701446,Electronics,Web,2,58.36
2024-12-15,SO-701447,Outdoor,Marketplace,2,154.92
2024-12-15,SO-701448,Home,Web,5,313.35
2024-12-16,SO-701449,Apparel,Web,5,504.85
2024-12-16,SO-701450,Home,Marketplace,2,220.9
2024-12-16,SO-701451,Apparel,Web,3,46.35
2024-12-16,SO-701452,Outdoor,Web,3,78.81
2024-12-16,SO-701453,Apparel,Web,5,344.2
2024-12-16,SO-701454,Home,Web,2,79.54
2024-12-16,SO-701455,Apparel,Retail,5,232.85
2024-12-16,SO-701456,Home,Marketplace,3,193.65
2024-12-16,SO-701457,Electronics,Marketplace,2,234.02
2024-12-16,SO-701458,Apparel,Web,5,203.6
2024-12-16,SO-701459,Apparel,Web,3,260.34
2024-12-17,SO-701460,Home,Retail,3,397.92
2024-12-17,SO-701461,Apparel,Marketplace,4,272.68
2024-12-17,SO-701462,Electronics,Marketplace,2,143.0
2024-12-17,SO-701463,Home,Web,1,73.03
2024-12-17,SO-701464,Apparel,Web,2,218.52
2024-12-17,SO-701465,Apparel,Web,4,303.32
2024-12-17,SO-701466,Apparel,Web,2,186.92
2024-12-17,SO-701467,Home,Web,4,161.92
2024-12-18,SO-701468,Electronics,Marketplace,2,294.32
2024-12-18,SO-701469,Home,Marketplace,1,49.36
2024-12-18,SO-701470,Apparel,Web,4,75.8
2024-12-18,SO-701471,Home,Web,5,146.3
2024-12-18,SO-701472,Home,Web,1,119.92
2024-12-18,SO-701473,Apparel,Marketplace,1,22.32
2024-12-19,SO-701474,Electronics,Retail,4,612.48
2024-12-19,SO-701475,Home,Web,4,208.76
2024-12-19,SO-701476,Electronics,Web,5,473.8
2024-12-19,SO-701477,Apparel,Marketplace,4,315.68
2024-12-19,SO-701478,Outdoor,Web,1,48.89
2024-12-19,SO-701479,Apparel,Web,3,236.25
2024-12-19,SO-701480,Home,Web,2,94.52
2024-12-19,SO-701481,Home,Marketplace,-3,-77.67
2024-12-19,SO-701482,Home,Web,-2,-241.72
2024-12-19,SO-701483,Home,Web,4,491.28
2024-12-19,SO-701484,Outdoor,Web,4,125.04
2024-12-19,SO-701485,Apparel,Retail,2,160.5
2024-12-19,SO-701486,Outdoor,Marketplace,5,175.3
2024-12-19,SO-701487,Outdoor,Retail,4,274.6
2024-12-19,SO-701488,Apparel,Web,2,156.86
2024-12-20,SO-701489,Home,Marketplace,5,488.1
2024-12-20,SO-701490,Electronics,Retail,1,110.75
2024-12-20,SO-701491,Electronics,Web,4,275.76
2024-12-20,SO-701492,Outdoor,Web,-4,-372.0
2024-12-20,SO-701493,Outdoor,Web,-4,-247.6
2024-12-20,SO-701494,Apparel,Retail,2,82.14
2024-12-20,SO-701495,Home,Marketplace,5,165.65
2024-12-20,SO-701496,Home,Web,1,67.05
2024-12-21,SO-701497,Electronics,Web,2,137.7
2024-12-21,SO-701498,Apparel,Web,2,144.9
2024-12-21,SO-701499,Electronics,Web,3,248.82
2024-12-22,SO-701500,Home,Web,4,327.6
2024-12-22,SO-701501,Apparel,Web,-5,-363.25
2024-12-22,SO-701502,Home,Marketplace,5,304.35
2024-12-22,SO-701503,Apparel,Web,3,180.42
2024-12-22,SO-701504,Electronics,Web,2,147.96
2024-12-22,SO-701505,Home,Web,2,99.24
2024-12-22,SO-701506,Outdoor,Web,2,231.12
2024-12-22,SO-701507,Home,Web,5,224.6
2024-12-23,SO-701508,Apparel,Marketplace,2,282.78
2024-12-23,SO-701509,Outdoor,Marketplace,5,211.45
2024-12-23,SO-701510,Electronics,Web,4,241.96
2024-12-23,SO-701511,Apparel,Web,1,97.71
2024-12-23,SO-701512,Outdoor,Web,1,115.9
2024-12-23,SO-701513,Electronics,Web,5,427.85
2024-12-23,SO-701514,Apparel,Web,1,111.52
2024-12-23,SO-701515,Outdoor,Web,-1,-17.45
2024-12-23,SO-701516,Electronics,Web,4,587.16
2024-12-23,SO-701517,Apparel,Retail,3,55.2
2024-12-23,SO-701518,Outdoor,Web,2,102.04
2024-12-23,SO-701519,Electronics,Web,3,64.71
2024-12-24,SO-701520,Electronics,Web,4,230.16
2024-12-24,SO-701521,Outdoor,Marketplace,5,359.75
2024-12-24,SO-701522,Outdoor,Web,-3,-69.24
2024-12-24,SO-701523,Apparel,Web,5,187.35
2024-12-24,SO-701524,Apparel,Marketplace,2,139.8
2024-12-25,SO-701525,Apparel,Retail,4,384.4
2024-12-25,SO-701526,Electronics,Marketplace,4,35.84
2024-12-25,SO-701527,Apparel,Web,1,70.1
2024-12-25,SO-701528,Home,Web,2,47.9
2024-12-25,SO-701529,Home,Web,3,106.23
2024-12-25,SO-701530,Home,Retail,3,134.16
2024-12-25,SO-701531,Apparel,Web,5,198.0
2024-12-25,SO-701532,Apparel,Web,5,532.05
2024-12-25,SO-701533,Apparel,Retail,5,359.55
2024-12-25,SO-701534,Outdoor,Retail,4,125.44
2024-12-25,SO-701535,Apparel,Web,5,105.8
2024-12-26,SO-701536,Outdoor,Web,1,74.56
2024-12-26,SO-701537,Home,Retail,2,113.7
2024-12-26,SO-701538,Electronics,Marketplace,5,426.75
2024-12-26,SO-701539,Electronics,Web,5,271.85
2024-12-27,SO-701540,Apparel,Web,-1,-81.07
2024-12-27,SO-701541,Home,Marketplace,3,91.86
2024-12-27,SO-701542,Apparel,Web,5,445.3
2024-12-27,SO-701543,Home,Retail,3,404.28
2024-12-27,SO-701544,Electronics,Retail,4,353.0
2024-12-27,SO-701545,Electronics,Web,2,269.84
2024-12-27,SO-701546,Home,Retail,1,94.25
2024-12-27,SO-701547,Outdoor,Web,1,23.39
2024-12-27,SO-701548,Apparel,Marketplace,5,274.95
2024-12-27,SO-701549,Apparel,Marketplace,1,36.46
2024-12-28,SO-701550,Electronics,Web,2,84.48
2024-12-28,SO-701551,Electronics,Retail,5,334.7
2024-12-28,SO-701552,Apparel,Web,5,861.8
2024-12-28,SO-701553,Apparel,Marketplace,-5,-256.45
2024-12-28,SO-701554,Home,Web,2,313.02
2024-12-28,SO-701555,Electronics,Web,4,346.0
2024-12-28,SO-701556,Apparel,Web,3,295.32
2024-12-28,SO-701557,Apparel,Web,4,237.48
2024-12-28,SO-701558,Apparel,Web,3,156.63
2024-12-29,SO-701559,Apparel,Marketplace,5,231.6
2024-12-29,SO-701560,Home,Web,2,268.06
2024-12-29,SO-701561,Apparel,Web,1,145.42
2024-12-29,SO-701562,Home,Web,1,52.64
2024-12-29,SO-701563,Electronics,Marketplace,4,223.04
2024-12-29,SO-701564,Electronics,Web,-2,-103.84
2024-12-29,SO-701565,Apparel,Web,2,104.2
2024-12-29,SO-701566,Apparel,Web,4,360.36
2024-12-29,SO-701567,Outdoor,Retail,5,93.3
2024-12-29,SO-701568,Apparel,Web,3,173.7
2024-12-29,SO-701569,Outdoor,Retail,3,140.1
2024-12-30,SO-701570,Apparel,Marketplace,5,229.4
2024-12-30,SO-701571,Home,Retail,5,425.95
2024-12-30,SO-701572,Apparel,Web,3,330.48
2024-12-30,SO-701573,Apparel,Web,-1,-90.86
2024-12-30,SO-701574,Electronics,Web,4,223.16
2024-12-30,SO-701575,Electronics,Web,4,650.84
2024-12-30,SO-701576,Apparel,Marketplace,3,397.47
2024-12-30,SO-701577,Electronics,Web,3,144.72
2024-12-31,SO-701578,Apparel,Marketplace,-4,-481.44
2024-12-31,SO-701579,Home,Marketplace,2,74.48
2024-12-31,SO-701580,Apparel,Web,4,255.4
2024-12-31,SO-701581,Apparel,Retail,2,117.16
2025-01-01,SO-701582,Outdoor,Web,1,165.63
2025-01-01,SO-701583,Outdoor,Marketplace,1,92.77
2025-01-01,SO-701584,Home,Marketplace,2,75.06
2025-01-01,SO-701585,Home,Web,-3,-211.26
2025-01-02,SO-701586,Electronics,Web,5,513.25
2025-01-02,SO-701587,Home,Marketplace,3,143.67
2025-01-02,SO-701588,Electronics,Web,2,172.12
2025-01-02,SO-701589,Apparel,Web,5,604.8
2025-01-02,SO-701590,Apparel,Web,-5,-255.85
2025-01-02,SO-701591,Apparel,Web,3,239.4
2025-01-02,SO-701592,Apparel,Retail,4,338.92
2025-01-03,SO-701593,Electronics,Marketplace,1,62.36
2025-01-03,SO-701594,Apparel,Web,4,292.48
2025-01-04,SO-701595,Apparel,Retail,3,121.74
2025-01-04,SO-701596,Home,Web,5,180.15
2025-01-04,SO-701597,Outdoor,Web,5,305.45
2025-01-04,SO-701598,Home,Web,1,80.85
2025-01-04,SO-701599,Apparel,Retail,5,273.7
2025-01-04,SO-701600,Electronics,Web,5,160.7
2025-01-04,SO-701601,Home,Web,2,211.5
2025-01-04,SO-701602,Apparel,Marketplace,5,131.45
2025-01-04,SO-701603,Apparel,Web,3,207.84
2025-01-04,SO-701604,Outdoor,Marketplace,1,28.25
2025-01-05,SO-701605,Apparel,Web,1,26.39
2025-01-05,SO-701606,Home,Web,4,86.52
2025-01-05,SO-701607,Electronics,Web,1,16.71
2025-01-05,SO-701608,Home,Retail,5,86.0
2025-01-05,SO-701609,Apparel,Web,1,43.04
2025-01-05,SO-701610,Electronics,Marketplace,5,268.7
2025-01-05,SO-701611,Home,Web,5,205.45
2025-01-05,SO-701612,Home,Marketplace,2,152.66
2025-01-05,SO-701613,Apparel,Retail,2,75.94
2025-01-05,SO-701614,Home,Web,4,335.52
2025-01-05,SO-701615,Home,Retail,5,524.7
2025-01-06,SO-701616,Apparel,Web,2,332.64
2025-01-06,SO-701617,Outdoor,Retail,4,186.16
2025-01-06,SO-701618,Electronics,Retail,5,394.25
2025-01-06,SO-701619,Home,Web,-2,-116.78
2025-01-07,SO-701620,Electronics,Web,2,103.08
2025-01-07,SO-701621,Electronics,Web,3,163.11
2025-01-07,SO-701622,Electronics,Web,2,37.92
2025-01-07,SO-701623,Apparel,Marketplace,-5,-314.95
2025-01-07,SO-701624,Home,Marketplace,-4,-74.32
2025-01-07,SO-701625,Apparel,Web,5,552.1
2025-01-07,SO-701626,Home,Web,5,461.8
2025-01-07,SO-701627,Home,Marketplace,1,106.52
2025-01-08,SO-701628,Apparel,Marketplace,1,153.17
2025-01-08,SO-701629,Home,Web,1,82.64
2025-01-08,SO-701630,Home,Retail,2,433.06
2025-01-08,SO-701631,Apparel,Web,-2,-187.36
2025-01-08,SO-701632,Apparel,Retail,2,195.9
2025-01-08,SO-701633,Home,Retail,3,227.34
2025-01-08,SO-701634,Home,Retail,2,185.94
2025-01-08,SO-701635,Electronics,Marketplace,3,299.76
2025-01-08,SO-701636,Outdoor,Web,4,72.24
2025-01-09,SO-701637,Electronics,Web,-1,-11.42
2025-01-09,SO-701638,Outdoor,Web,2,250.68
2025-01-09,SO-701639,Home,Retail,4,122.92
2025-01-09,SO-701640,Apparel,Retail,1,97.78
2025-01-09,SO-701641,Home,Marketplace,1,119.39
2025-01-09,SO-701642,Home,Marketplace,2,145.04
2025-01-09,SO-701643,Apparel,Web,4,584.52
2025-01-09,SO-701644,Outdoor,Web,4,221.36
2025-01-09,SO-701645,Outdoor,Marketplace,-2,-120.0
2025-01-09,SO-701646,Apparel,Web,1,166.97
2025-01-09,SO-701647,Home,Marketplace,5,252.4
2025-01-10,SO-701648,Apparel,Retail,5,892.1
2025-01-10,SO-701649,Home,Retail,2,193.18
2025-01-10,SO-701650,Apparel,Web,5,378.0
2025-01-10,SO-701651,Home,Web,2,52.88
2025-01-10,SO-701652,Outdoor,Web,1,43.12
2025-01-10,SO-701653,Apparel,Retail,4,282.2
2025-01-10,SO-701654,Apparel,Marketplace,2,281.04
2025-01-10,SO-701655,Apparel,Web,2,100.34
2025-01-10,SO-701656,Home,Web,5,256.55
2025-01-10,SO-701657,Apparel,Web,3,154.59
2025-01-10,SO-701658,Apparel,Web,5,304.4
2025-01-10,SO-701659,Electronics,Web,1,134.92
2025-01-10,SO-701660,Electronics,Web,3,145.08
2025-01-10,SO-701661,Home,Web,2,29.28
2025-01-11,SO-701662,Electronics,Web,4,292.48
2025-01-11,SO-701663,Home,Web,1,11.24
2025-01-11,SO-701664,Outdoor,Marketplace,4,252.8
2025-01-11,SO-701665,Apparel,Marketplace,3,263.4
2025-01-11,SO-701666,Electronics,Web,2,17.94
2025-01-11,SO-701667,Apparel,Marketplace,4,296.52
2025-01-11,SO-701668,Apparel,Web,1,32.75
2025-01-11,SO-701669,Home,Web,2,136.28
2025-01-11,SO-701670,Home,Marketplace,5,272.7
2025-01-11,SO-701671,Home,Web,4,85.36
2025-01-11,SO-701672,Home,Marketplace,5,302.6
2025-01-11,SO-701673,Electronics,Marketplace,4,560.76
2025-01-12,SO-701674,Outdoor,Web,2,201.08
2025-01-12,SO-701675,Home,Marketplace,2,90.16
2025-01-12,SO-701676,Home,Marketplace,1,62.87
2025-01-12,SO-701677,Home,Web,1,76.93
2025-01-12,SO-701678,Outdoor,Retail,2,200.44
2025-01-12,SO-701679,Apparel,Marketplace,2,333.78
2025-01-12,SO-701680,Electronics,Web,2,82.76
2025-01-12,SO-701681,Outdoor,Marketplace,2,107.82
2025-01-13,SO-701682,Electronics,Web,2,112.08
2025-01-13,SO-701683,Home,Marketplace,4,154.56
2025-01-13,SO-701684,Apparel,Retail,5,93.65
2025-01-13,SO-701685,Home,Web,3,284.88
2025-01-13,SO-701686,Electronics,Web,3,208.56
2025-01-14,SO-701687,Apparel,Web,3,117.33
2025-01-14,SO-701688,Electronics,Retail,3,195.18
2025-01-14,SO-701689,Home,Web,1,66.69
2025-01-14,SO-701690,Electronics,Marketplace,5,232.0
2025-01-14,SO-701691,Electronics,Web,5,481.55
2025-01-14,SO-701692,Apparel,Marketplace,4,462.44
2025-01-14,SO-701693,Home,Web,2,133.6
2025-01-14,SO-701694,Home,Web,4,46.32
2025-01-15,SO-701695,Outdoor,Marketplace,3,66.15
2025-01-15,SO-701696,Home,Web,-1,-30.49
2025-01-15,SO-701697,Outdoor,Web,3,140.1
2025-01-15,SO-701698,Apparel,Marketplace,2,247.36
2025-01-15,SO-701699,Electronics,Web,-1,-57.0
2025-01-15,SO-701700,Apparel,Marketplace,1,56.37
2025-01-15,SO-701701,Electronics,Retail,1,48.6
2025-01-16,SO-701702,Home,Web,5,342.9
2025-01-16,SO-701703,Electronics,Web,5,255.5
2025-01-16,SO-701704,Outdoor,Marketplace,2,30.5
2025-01-16,SO-701705,Apparel,Retail,-2,-220.98
2025-01-16,SO-701706,Home,Web,5,472.5
2025-01-16,SO-701707,Electronics,Web,3,139.62
2025-01-16,SO-701708,Home,Web,4,813.16
2025-01-16,SO-701709,Home,Marketplace,3,215.49
2025-01-16,SO-701710,Home,Retail,-5,-579.5
2025-01-18,SO-701711,Home,Web,3,293.52
2025-01-18,SO-701712,Apparel,Marketplace,3,351.33
2025-01-18,SO-701713,Apparel,Marketplace,5,689.75
2025-01-18,SO-701714,Apparel,Web,4,384.84
2025-01-19,SO-701715,Home,Web,-2,-262.98
2025-01-19,SO-701716,Home,Web,2,182.54
2025-01-19,SO-701717,Apparel,Marketplace,2,134.68
2025-01-19,SO-701718,Apparel,Web,1,52.73
2025-01-19,SO-701719,Apparel,Retail,4,320.88
2025-01-19,SO-701720,Electronics,Web,2,240.0
2025-01-19,SO-701721,Outdoor,Marketplace,4,107.52
2025-01-19,SO-701722,Apparel,Marketplace,3,118.65
2025-01-20,SO-701723,Home,Marketplace,5,189.95
2025-01-20,SO-701724,Outdoor,Marketplace,-3,-307.29
2025-01-20,SO-701725,Outdoor,Web,1,118.46
2025-01-20,SO-701726,Home,Web,5,866.65
2025-01-20,SO-701727,Electronics,Retail,4,411.08
2025-01-20,SO-701728,Home,Web,1,60.99
2025-01-20,SO-701729,Apparel,Web,3,139.56
2025-01-21,SO-701730,Home,Web,3,132.54
2025-01-21,SO-701731,Electronics,Web,2,223.56
2025-01-21,SO-701732,Electronics,Web,2,146.74
2025-01-21,SO-701733,Home,Marketplace,5,392.6
2025-01-21,SO-701734,Outdoor,Marketplace,5,615.6
2025-01-21,SO-701735,Home,Marketplace,5,326.4
2025-01-22,SO-701736,Home,Web,1,107.04
2025-01-22,SO-701737,Outdoor,Marketplace,1,32.81
2025-01-22,SO-701738,Apparel,Web,2,254.28
2025-01-22,SO-701739,Electronics,Retail,-3,-276.03
2025-01-22,SO-701740,Home,Web,4,153.6
2025-01-23,SO-701741,Outdoor,Web,-2,-110.78
2025-01-23,SO-701742,Home,Web,2,34.58
2025-01-23,SO-701743,Apparel,Web,3,268.26
2025-01-23,SO-701744,Electronics,Web,4,313.68
2025-01-23,SO-701745,Home,Retail,2,121.52
2025-01-23,SO-701746,Electronics,Retail,-5,-546.4
2025-01-23,SO-701747,Home,Marketplace,4,379.88
2025-01-23,SO-701748,Home,Web,3,86.79
2025-01-23,SO-701749,Apparel,Retail,5,205.55
2025-01-23,SO-701750,Outdoor,Marketplace,3,163.92
2025-01-23,SO-701751,Home,Web,-3,-94.95
2025-01-23,SO-701752,Electronics,Web,5,609.25
2025-01-23,SO-701753,Apparel,Web,1,30.57
2025-01-23,SO-701754,Apparel,Web,1,103.77
2025-01-23,SO-701755,Apparel,Web,3,104.73
2025-01-23,SO-701756,Electronics,Marketplace,5,252.6
2025-01-24,SO-701757,Apparel,Web,5,205.7
2025-01-24,SO-701758,Electronics,Web,2,196.4
2025-01-24,SO-701759,Home,Retail,5,851.25
2025-01-24,SO-701760,Home,Web,4,356.92
2025-01-24,SO-701761,Outdoor,Marketplace,5,498.8
2025-01-24,SO-701762,Apparel,Marketplace,4,98.56
2025-01-24,SO-701763,Home,Marketplace,1,78.9
2025-01-24,SO-701764,Electronics,Web,-1,-115.87
2025-01-25,SO-701765,Electronics,Web,1,138.99
2025-01-25,SO-701766,Outdoor,Web,4,283.2
2025-01-25,SO-701767,Apparel,Retail,5,705.05
2025-01-25,SO-701768,Apparel,Web,5,449.1
2025-01-25,SO-701769,Apparel,Marketplace,-5,-372.9
2025-01-25,SO-701770,Apparel,Web,5,93.05
2025-01-26,SO-701771,Electronics,Web,2,120.28
2025-01-26,SO-701772,Electronics,Web,5,826.1
2025-01-26,SO-701773,Apparel,Retail,3,448.65
2025-01-26,SO-701774,Apparel,Web,3,126.9
2025-01-26,SO-701775,Electronics,Marketplace,2,186.04
2025-01-26,SO-701776,Apparel,Retail,1,266.84
2025-01-26,SO-701777,Apparel,Web,5,276.25
2025-01-26,SO-701778,Electronics,Marketplace,1,42.36
2025-01-27,SO-701779,Electronics,Web,5,178.6
2025-01-27,SO-701780,Electronics,Web,3,239.46
2025-01-27,SO-701781,Home,Web,4,209.52
2025-01-27,SO-701782,Outdoor,Marketplace,2,77.94
2025-01-27,SO-701783,Home,Marketplace,5,217.2
2025-01-28,SO-701784,Apparel,Web,2,138.02
2025-01-28,SO-701785,Electronics,Web,1,35.07
2025-01-28,SO-701786,Apparel,Web,3,58.62
2025-01-28,SO-701787,Home,Marketplace,1,65.93
2025-01-28,SO-701788,Home,Web,4,307.72
2025-01-28,SO-701789,Apparel,Web,2,190.44
2025-01-29,SO-701790,Outdoor,Marketplace,-2,-130.32
2025-01-29,SO-701791,Electronics,Web,4,85.92
2025-01-29,SO-701792,Apparel,Retail,4,313.72
2025-01-29,SO-701793,Apparel,Web,1,29.31
2025-01-29,SO-701794,Electronics,Retail,-2,-38.72
2025-01-29,SO-701795,Home,Marketplace,1,57.08
2025-01-29,SO-701796,Home,Marketplace,-5,-143.4
2025-01-30,SO-701797,Home,Marketplace,3,124.92
2025-01-30,SO-701798,Home,Retail,4,26.4
2025-01-30,SO-701799,Apparel,Retail,1,54.91
2025-01-30,SO-701800,Apparel,Marketplace,1,64.91
2025-01-30,SO-701801,Apparel,Web,3,58.5
2025-01-30,SO-701802,Apparel,Web,2,99.8
2025-01-30,SO-701803,Apparel,Web,4,73.96
2025-01-30,SO-701804,Apparel,Retail,3,355.23
2025-01-31,SO-701805,Apparel,Retail,-2,-258.56
2025-01-31,SO-701806,Electronics,Web,4,223.08
2025-01-31,SO-701807,Apparel,Web,4,50.36
2025-01-31,SO-701808,Apparel,Web,3,69.72
2025-01-31,SO-701809,Electronics,Marketplace,3,340.26
2025-01-31,SO-701810,Apparel,Web,3,228.18
2025-01-31,SO-701811,Electronics,Marketplace,4,520.08
2025-02-01,SO-701812,Apparel,Web,3,380.79
2025-02-01,SO-701813,Outdoor,Marketplace,-4,-607.0
2025-02-01,SO-701814,Apparel,Marketplace,3,200.97
2025-02-01,SO-701815,Electronics,Retail,2,179.06
2025-02-01,SO-701816,Electronics,Web,1,53.42
2025-02-01,SO-701817,Apparel,Web,5,245.6
2025-02-01,SO-701818,Apparel,Web,1,23.05
2025-02-01,SO-701819,Apparel,Web,4,613.4
2025-02-02,SO-701820,Electronics,Web,2,92.04
2025-02-02,SO-701821,Electronics,Retail,1,35.79
2025-02-02,SO-701822,Apparel,Retail,5,645.15
2025-02-02,SO-701823,Apparel,Marketplace,3,405.24
2025-02-02,SO-701824,Apparel,Marketplace,5,294.3
2025-02-02,SO-701825,Apparel,Marketplace,2,134.38
2025-02-02,SO-701826,Outdoor,Web,3,51.0
2025-02-02,SO-701827,Outdoor,Web,1,97.55
2025-02-02,SO-701828,Home,Retail,5,467.7
2025-02-03,SO-701829,Electronics,Web,3,499.02
2025-02-03,SO-701830,Electronics,Retail,-3,-531.75
2025-02-03,SO-701831,Electronics,Marketplace,4,198.64
2025-02-03,SO-701832,Electronics,Marketplace,2,109.5
2025-02-03,SO-701833,Electronics,Web,1,90.09
2025-02-03,SO-701834,Electronics,Marketplace,4,163.28
2025-02-03,SO-701835,Home,Marketplace,2,161.98
2025-02-03,SO-701836,Apparel,Web,3,79.53
2025-02-03,SO-701837,Home,Web,3,266.61
2025-02-04,SO-701838,Electronics,Retail,2,297.48
2025-02-04,SO-701839,Electronics,Marketplace,4,78.36
2025-02-04,SO-701840,Electronics,Marketplace,1,119.69
2025-02-04,SO-701841,Electronics,Retail,1,79.13
2025-02-04,SO-701842,Electronics,Retail,4,205.0
2025-02-05,SO-701843,Outdoor,Marketplace,2,103.08
2025-02-05,SO-701844,Electronics,Web,5,521.1
2025-02-05,SO-701845,Home,Web,5,620.45
2025-02-05,SO-701846,Apparel,Web,1,56.53
2025-02-05,SO-701847,Home,Retail,1,40.74
2025-02-05,SO-701848,Home,Web,3,175.08
2025-02-05,SO-701849,Apparel,Web,-1,-44.71
2025-02-05,SO-701850,Apparel,Web,3,121.53
2025-02-05,SO-701851,Apparel,Retail,2,364.74
2025-02-05,SO-701852,Apparel,Marketplace,5,128.3
2025-02-06,SO-701853,Electronics,Web,1,54.37
2025-02-06,SO-701854,Apparel,Web,3,219.27
2025-02-06,SO-701855,Home,Web,4,557.48
2025-02-06,SO-701856,Apparel,Retail,5,304.45
2025-02-06,SO-701857,Electronics,Web,4,217.4
2025-02-06,SO-701858,Apparel,Marketplace,4,174.32
2025-02-06,SO-701859,Outdoor,Marketplace,-5,-453.05
2025-02-07,SO-701860,Outdoor,Web,1,60.56
2025-02-07,SO-701861,Apparel,Web,2,103.46
2025-02-07,SO-701862,Home,Web,2,141.42
2025-02-07,SO-701863,Apparel,Web,4,250.12
2025-02-07,SO-701864,Apparel,Retail,2,153.1
2025-02-07,SO-701865,Home,Retail,3,117.72
2025-02-07,SO-701866,Home,Web,4,356.08
2025-02-07,SO-701867,Home,Marketplace,3,235.26
2025-02-07,SO-701868,Home,Web,3,94.14
2025-02-08,SO-701869,Apparel,Retail,-1,-137.89
2025-02-08,SO-701870,Home,Web,3,166.17
2025-02-08,SO-701871,Home,Marketplace,1,107.53
2025-02-08,SO-701872,Apparel,Web,3,320.91
2025-02-08,SO-701873,Apparel,Web,1,150.81
2025-02-08,SO-701874,Apparel,Marketplace,1,25.83
2025-02-08,SO-701875,Apparel,Web,2,130.78
2025-02-08,SO-701876,Electronics,Retail,5,233.5
2025-02-08,SO-701877,Electronics,Web,4,357.12
2025-02-09,SO-701878,Outdoor,Retail,3,439.59
2025-02-09,SO-701879,Apparel,Marketplace,1,49.09
2025-02-09,SO-701880,Apparel,Marketplace,4,213.84
2025-02-09,SO-701881,Home,Marketplace,5,232.55
2025-02-10,SO-701882,Home,Marketplace,4,134.8
2025-02-10,SO-701883,Outdoor,Web,2,142.08
2025-02-10,SO-701884,Electronics,Web,2,86.96
2025-02-10,SO-701885,Apparel,Web,5,408.15
2025-02-10,SO-701886,Apparel,Web,4,287.72
2025-02-10,SO-701887,Outdoor,Web,-1,-124.64
2025-02-11,SO-701888,Apparel,Retail,2,131.44
2025-02-11,SO-701889,Apparel,Web,5,288.6
2025-02-11,SO-701890,Home,Retail,4,413.28
2025-02-11,SO-701891,Apparel,Web,1,68.7
2025-02-11,SO-701892,Home,Web,3,79.53
2025-02-11,SO-701893,Home,Marketplace,3,339.6
2025-02-11,SO-701894,Electronics,Web,5,271.45
2025-02-11,SO-701895,Outdoor,Marketplace,-5,-246.55
2025-02-11,SO-701896,Electronics,Marketplace,3,80.22
2025-02-11,SO-701897,Outdoor,Web,1,33.77
2025-02-11,SO-701898,Apparel,Web,1,29.12
2025-02-11,SO-701899,Electronics,Marketplace,4,172.52
2025-02-12,SO-701900,Home,Retail,3,442.32
2025-02-12,SO-701901,Outdoor,Web,-4,-499.8
2025-02-12,SO-701902,Apparel,Web,-4,-237.4
2025-02-12,SO-701903,Electronics,Retail,1,109.64
2025-02-13,SO-701904,Outdoor,Marketplace,-3,-190.08
2025-02-13,SO-701905,Home,Web,3,38.16
2025-02-13,SO-701906,Outdoor,Web,3,145.53
2025-02-13,SO-701907,Apparel,Web,2,164.78
2025-02-13,SO-701908,Apparel,Retail,3,101.22
2025-02-14,SO-701909,Apparel,Retail,2,192.26
2025-02-14,SO-701910,Electronics,Web,5,572.9
2025-02-14,SO-701911,Apparel,Web,3,329.7
2025-02-14,SO-701912,Apparel,Web,1,123.04
2025-02-14,SO-701913,Electronics,Retail,4,112.68
2025-02-14,SO-701914,Outdoor,Retail,1,145.69
2025-02-14,SO-701915,Outdoor,Marketplace,5,320.75
2025-02-14,SO-701916,Electronics,Marketplace,2,82.22
2025-02-15,SO-701917,Electronics,Web,3,320.82
2025-02-15,SO-701918,Home,Retail,3,93.15
2025-02-15,SO-701919,Apparel,Marketplace,2,79.78
2025-02-15,SO-701920,Outdoor,Web,1,28.76
2025-02-15,SO-701921,Electronics,Marketplace,4,230.52
2025-02-15,SO-701922,Electronics,Marketplace,4,430.6
2025-02-15,SO-701923,Home,Web,4,234.4
2025-02-15,SO-701924,Electronics,Retail,5,109.7
2025-02-15,SO-701925,Electronics,Retail,3,141.54
2025-02-15,SO-701926,Apparel,Marketplace,2,184.88
2025-02-16,SO-701927,Home,Marketplace,5,460.1
2025-02-16,SO-701928,Home,Web,-4,-836.96
2025-02-16,SO-701929,Electronics,Web,2,84.2
2025-02-16,SO-701930,Home,Web,-2,-299.8
2025-02-16,SO-701931,Home,Marketplace,5,286.35
2025-02-16,SO-701932,Apparel,Marketplace,2,285.58
2025-02-16,SO-701933,Electronics,Marketplace,1,58.37
2025-02-16,SO-701934,Electronics,Marketplace,1,118.12
2025-02-16,SO-701935,Apparel,Retail,4,150.72
2025-02-17,SO-701936,Home,Web,5,357.7
2025-02-17,SO-701937,Outdoor,Marketplace,1,9.0
2025-02-17,SO-701938,Outdoor,Web,-3,-210.15
2025-02-17,SO-701939,Outdoor,Web,5,383.7
2025-02-17,SO-701940,Home,Marketplace,2,73.7
2025-02-17,SO-701941,Electronics,Web,5,311.75
2025-02-17,SO-701942,Apparel,Web,-2,-202.66
2025-02-17,SO-701943,Apparel,Marketplace,5,689.3
2025-02-17,SO-701944,Electronics,Marketplace,3,107.01
2025-02-17,SO-701945,Apparel,Web,4,256.8
2025-02-17,SO-701946,Outdoor,Retail,4,201.24
2025-02-18,SO-701947,Electronics,Web,1,47.03
2025-02-18,SO-701948,Electronics,Retail,2,161.58
2025-02-18,SO-701949,Home,Web,4,503.8
2025-02-18,SO-701950,Outdoor,Retail,4,396.68
2025-02-18,SO-701951,Outdoor,Marketplace,1,80.17
2025-02-18,SO-701952,Electronics,Marketplace,4,446.88
2025-02-18,SO-701953,Apparel,Retail,2,104.12
2025-02-18,SO-701954,Outdoor,Web,-1,-61.06
2025-02-18,SO-701955,Outdoor,Marketplace,3,285.21
2025-02-18,SO-701956,Apparel,Web,1,54.05
2025-02-19,SO-701957,Apparel,Web,2,200.2
2025-02-19,SO-701958,Apparel,Retail,1,71.18
2025-02-19,SO-701959,Electronics,Web,3,166.92
2025-02-19,SO-701960,Home,Marketplace,4,73.32
2025-02-19,SO-701961,Electronics,Web,1,48.6
2025-02-19,SO-701962,Electronics,Marketplace,4,66.76
2025-02-19,SO-701963,Apparel,Web,3,115.56
2025-02-19,SO-701964,Home,Web,4,348.68
2025-02-20,SO-701965,Home,Retail,2,333.26
2025-02-20,SO-701966,Home,Web,2,59.24
2025-02-20,SO-701967,Home,Retail,4,137.92
2025-02-20,SO-701968,Outdoor,Web,5,165.2
2025-02-21,SO-701969,Apparel,Marketplace,5,353.25
2025-02-21,SO-701970,Home,Retail,5,549.7
2025-02-21,SO-701971,Home,Web,4,339.76
2025-02-21,SO-701972,Electronics,Marketplace,3,47.37
2025-02-21,SO-701973,Electronics,Web,1,9.2
2025-02-21,SO-701974,Electronics,Marketplace,-2,-175.3
2025-02-21,SO-701975,Home,Web,5,402.85
2025-02-21,SO-701976,Outdoor,Web,3,99.3
2025-02-22,SO-701977,Apparel,Web,1,94.46
2025-02-22,SO-701978,Apparel,Retail,4,116.56
2025-02-22,SO-701979,Electronics,Retail,3,197.34
2025-02-22,SO-701980,Home,Retail,3,459.63
2025-02-22,SO-701981,Outdoor,Marketplace,3,323.85
2025-02-22,SO-701982,Apparel,Marketplace,3,106.98
2025-02-22,SO-701983,Home,Marketplace,2,261.86
2025-02-22,SO-701984,Home,Web,1,41.11
2025-02-23,SO-701985,Home,Marketplace,-1,-71.32
2025-02-23,SO-701986,Electronics,Retail,4,157.96
2025-02-23,SO-701987,Home,Web,3,401.19
2025-02-23,SO-701988,Home,Web,5,288.55
2025-02-23,SO-701989,Apparel,Web,5,351.2
2025-02-23,SO-701990,Home,Retail,5,383.5
2025-02-23,SO-701991,Apparel,Web,3,394.02
2025-02-23,SO-701992,Apparel,Web,2,140.36
2025-02-24,SO-701993,Electronics,Web,5,352.0
2025-02-24,SO-701994,Outdoor,Web,5,237.7
2025-02-24,SO-701995,Electronics,Web,4,486.52
2025-02-24,SO-701996,Apparel,Retail,2,22.66
2025-02-24,SO-701997,Outdoor,Web,5,259.9
2025-02-25,SO-701998,Home,Marketplace,4,212.32
2025-02-25,SO-701999,Apparel,Web,3,114.42
2025-02-25,SO-702000,Electronics,Marketplace,4,385.88
2025-02-25,SO-702001,Home,Web,-3,-220.92
2025-02-25,SO-702002,Outdoor,Web,1,83.75
2025-02-25,SO-702003,Apparel,Marketplace,5,328.35
2025-02-25,SO-702004,Apparel,Retail,3,119.73
2025-02-26,SO-702005,Apparel,Web,4,142.24
2025-02-26,SO-702006,Electronics,Marketplace,4,336.8
2025-02-26,SO-702007,Electronics,Retail,1,78.73
2025-02-26,SO-702008,Apparel,Web,-5,-167.55
2025-02-26,SO-702009,Outdoor,Retail,3,214.02
2025-02-26,SO-702010,Apparel,Web,5,409.3
2025-02-26,SO-702011,Outdoor,Web,4,477.96
2025-02-26,SO-702012,Home,Web,3,377.19
2025-02-27,SO-702013,Electronics,Web,1,21.99
2025-02-27,SO-702014,Home,Marketplace,3,69.18
2025-02-27,SO-702015,Apparel,Web,1,24.67
2025-02-27,SO-702016,Electronics,Web,1,36.78
2025-02-27,SO-702017,Home,Web,2,76.12
2025-02-27,SO-702018,Electronics,Marketplace,-5,-422.25
2025-02-27,SO-702019,Outdoor,Web,2,139.24
2025-02-27,SO-702020,Electronics,Retail,4,573.48
2025-02-28,SO-702021,Electronics,Web,5,453.35
2025-02-28,SO-702022,Apparel,Web,5,455.45
2025-02-28,SO-702023,Home,Retail,5,219.55
2025-02-28,SO-702024,Electronics,Web,3,476.91
2025-02-28,SO-702025,Outdoor,Web,5,177.9
2025-02-28,SO-702026,Apparel,Retail,4,231.56
2025-02-28,SO-702027,Home,Web,3,117.18
2025-03-01,SO-702028,Apparel,Retail,-4,-357.76
2025-03-01,SO-702029,Electronics,Web,4,185.72
2025-03-01,SO-702030,Home,Web,1,48.66
2025-03-01,SO-702031,Outdoor,Web,5,276.2
2025-03-01,SO-702032,Electronics,Retail,3,84.93
2025-03-01,SO-702033,Apparel,Web,5,545.45
2025-03-01,SO-702034,Home,Web,-3,-146.37
2025-03-01,SO-702035,Apparel,Web,2,53.94
2025-03-02,SO-702036,Apparel,Web,3,44.7
2025-03-02,SO-702037,Home,Retail,4,109.8
2025-03-02,SO-702038,Apparel,Marketplace,-1,-72.27
2025-03-02,SO-702039,Apparel,Web,1,45.83
2025-03-02,SO-702040,Electronics,Web,2,191.58
2025-03-02,SO-702041,Apparel,Web,2,40.16
2025-03-03,SO-702042,Apparel,Retail,5,1159.9
2025-03-03,SO-702043,Home,Web,5,131.5
2025-03-03,SO-702044,Apparel,Web,5,627.25
2025-03-03,SO-702045,Outdoor,Web,4,146.44
2025-03-03,SO-702046,Apparel,Retail,3,118.65
2025-03-03,SO-702047,Home,Web,2,124.72
2025-03-03,SO-702048,Apparel,Web,-2,-186.42
2025-03-03,SO-702049,Home,Web,3,248.73
2025-03-03,SO-702050,Outdoor,Web,2,92.36
2025-03-03,SO-702051,Home,Marketplace,5,307.65
2025-03-04,SO-702052,Apparel,Web,2,204.68
2025-03-04,SO-702053,Home,Web,3,193.35
2025-03-04,SO-702054,Home,Web,5,277.85
2025-03-04,SO-702055,Home,Web,4,183.76
2025-03-04,SO-702056,Home,Web,4,88.2
2025-03-04,SO-702057,Electronics,Web,5,339.4
2025-03-04,SO-702058,Apparel,Marketplace,4,450.48
2025-03-04,SO-702059,Home,Web,1,91.63
2025-03-04,SO-702060,Electronics,Marketplace,3,223.74
2025-03-05,SO-702061,Home,Web,3,216.51
2025-03-05,SO-702062,Electronics,Web,4,192.04
2025-03-05,SO-702063,Outdoor,Web,5,115.6
2025-03-05,SO-702064,Home,Marketplace,1,62.39
2025-03-05,SO-702065,Apparel,Retail,1,53.98
2025-03-05,SO-702066,Electronics,Web,3,219.48
2025-03-05,SO-702067,Apparel,Web,4,167.12
2025-03-06,SO-702068,Apparel,Web,5,292.35
2025-03-06,SO-702069,Electronics,Web,3,254.97
2025-03-06,SO-702070,Apparel,Web,1,58.04
2025-03-06,SO-702071,Outdoor,Web,3,236.04
2025-03-06,SO-702072,Apparel,Marketplace,5,79.6
2025-03-06,SO-702073,Apparel,Marketplace,4,692.2
2025-03-06,SO-702074,Apparel,Web,-2,-105.56
2025-03-06,SO-702075,Electronics,Retail,1,52.48
2025-03-06,SO-702076,Apparel,Web,1,50.56
2025-03-07,SO-702077,Apparel,Web,3,67.86
2025-03-07,SO-702078,Apparel,Web,3,93.57
2025-03-07,SO-702079,Electronics,Marketplace,3,263.97
2025-03-07,SO-702080,Apparel,Retail,3,352.86
2025-03-07,SO-702081,Electronics,Marketplace,1,59.46
2025-03-07,SO-702082,Home,Marketplace,4,275.04
2025-03-07,SO-702083,Outdoor,Marketplace,4,138.28
2025-03-07,SO-702084,Outdoor,Marketplace,1,32.05
2025-03-07,SO-702085,Apparel,Web,3,326.34
2025-03-07,SO-702086,Electronics,Marketplace,1,98.74
2025-03-08,SO-702087,Apparel,Web,1,125.5
2025-03-08,SO-702088,Home,Web,1,22.35
2025-03-08,SO-702089,Apparel,Marketplace,1,51.67
2025-03-08,SO-702090,Apparel,Web,5,100.1
2025-03-08,SO-702091,Apparel,Retail,3,148.44
2025-03-08,SO-702092,Apparel,Web,4,431.6
2025-03-08,SO-702093,Home,Web,1,150.35
2025-03-09,SO-702094,Outdoor,Web,5,122.7
2025-03-09,SO-702095,Home,Marketplace,2,189.06
2025-03-09,SO-702096,Outdoor,Web,3,114.12
2025-03-09,SO-702097,Electronics,Marketplace,5,514.4
2025-03-09,SO-702098,Electronics,Marketplace,3,113.25
2025-03-09,SO-702099,Outdoor,Retail,2,44.18
2025-03-09,SO-702100,Electronics,Web,4,153.92
2025-03-09,SO-702101,Electronics,Web,1,49.85
2025-03-09,SO-702102,Apparel,Retail,4,370.12
2025-03-09,SO-702103,Electronics,Web,1,32.57
2025-03-10,SO-702104,Apparel,Web,-1,-32.7
2025-03-10,SO-702105,Outdoor,Web,4,248.24
2025-03-10,SO-702106,Apparel,Marketplace,1,95.3
2025-03-10,SO-702107,Outdoor,Web,3,66.24
2025-03-10,SO-702108,Apparel,Web,4,287.64
2025-03-11,SO-702109,Electronics,Web,3,306.84
2025-03-11,SO-702110,Apparel,Web,5,293.75
2025-03-11,SO-702111,Electronics,Web,3,321.0
2025-03-11,SO-702112,Electronics,Web,1,72.68
2025-03-11,SO-702113,Apparel,Retail,2,99.44
2025-03-11,SO-702114,Apparel,Retail,1,76.54
2025-03-11,SO-702115,Electronics,Web,2,291.04
2025-03-11,SO-702116,Outdoor,Web,2,107.06
2025-03-11,SO-702117,Outdoor,Web,1,85.37
2025-03-12,SO-702118,Electronics,Retail,1,58.78
2025-03-12,SO-702119,Electronics,Web,4,291.48
2025-03-12,SO-702120,Electronics,Web,4,399.76
2025-03-12,SO-702121,Apparel,Marketplace,2,132.16
2025-03-12,SO-702122,Electronics,Web,-2,-157.42
2025-03-12,SO-702123,Apparel,Web,5,669.0
2025-03-12,SO-702124,Apparel,Marketplace,3,54.72
2025-03-13,SO-702125,Apparel,Web,1,85.67
2025-03-13,SO-702126,Apparel,Web,4,109.72
2025-03-13,SO-702127,Home,Web,1,37.48
2025-03-13,SO-702128,Apparel,Marketplace,4,436.12
2025-03-13,SO-702129,Apparel,Web,1,125.75
2025-03-13,SO-702130,Apparel,Web,2,447.4
2025-03-14,SO-702131,Electronics,Web,2,157.72
2025-03-14,SO-702132,Outdoor,Web,3,191.55
2025-03-14,SO-702133,Apparel,Web,1,72.77
2025-03-14,SO-702134,Home,Web,2,40.16
2025-03-14,SO-702135,Apparel,Web,4,236.16
2025-03-14,SO-702136,Home,Web,4,351.48
2025-03-14,SO-702137,Outdoor,Retail,1,81.48
2025-03-14,SO-702138,Outdoor,Marketplace,5,143.4
2025-03-14,SO-702139,Outdoor,Marketplace,1,34.62
2025-03-14,SO-702140,Home,Retail,1,160.31
2025-03-14,SO-702141,Apparel,Web,2,100.76
2025-03-15,SO-702142,Outdoor,Retail,5,386.6
2025-03-15,SO-702143,Electronics,Retail,3,218.58
2025-03-15,SO-702144,Home,Web,3,137.49
2025-03-15,SO-702145,Electronics,Retail,4,222.8
2025-03-15,SO-702146,Home,Web,5,258.95
2025-03-15,SO-702147,Apparel,Retail,5,415.25
2025-03-15,SO-702148,Outdoor,Web,1,75.91
2025-03-15,SO-702149,Home,Retail,1,72.57
2025-03-16,SO-702150,Outdoor,Web,4,248.52
2025-03-16,SO-702151,Outdoor,Web,4,154.6
2025-03-16,SO-702152,Apparel,Marketplace,5,210.25
2025-03-16,SO-702153,Home,Web,1,37.21
2025-03-16,SO-702154,Electronics,Retail,2,44.98
2025-03-16,SO-702155,Apparel,Web,1,69.65
2025-03-16,SO-702156,Home,Retail,2,269.24
2025-03-17,SO-702157,Home,Web,1,56.65
2025-03-17,SO-702158,Apparel,Web,2,171.98
2025-03-17,SO-702159,Electronics,Marketplace,3,187.44
2025-03-17,SO-702160,Apparel,Web,2,95.02
2025-03-17,SO-702161,Apparel,Retail,5,549.05
2025-03-17,SO-702162,Electronics,Marketplace,4,639.28
2025-03-17,SO-702163,Electronics,Web,3,78.75
2025-03-17,SO-702164,Apparel,Marketplace,5,318.1
2025-03-17,SO-702165,Home,Web,1,70.93
2025-03-18,SO-702166,Apparel,Web,5,439.6
2025-03-18,SO-702167,Apparel,Retail,2,129.18
2025-03-18,SO-702168,Apparel,Web,1,169.41
2025-03-18,SO-702169,Electronics,Marketplace,-3,-135.42
2025-03-18,SO-702170,Apparel,Web,5,384.5
2025-03-18,SO-702171,Electronics,Web,3,405.24
2025-03-18,SO-702172,Home,Web,3,276.36
2025-03-18,SO-702173,Outdoor,Web,2,218.98
2025-03-19,SO-702174,Electronics,Web,4,93.56
2025-03-19,SO-702175,Apparel,Web,5,185.9
2025-03-19,SO-702176,Home,Marketplace,4,461.04
2025-03-19,SO-702177,Outdoor,Web,-1,-129.46
2025-03-19,SO-702178,Apparel,Web,2,113.96
2025-03-20,SO-702179,Apparel,Web,2,155.0
2025-03-20,SO-702180,Home,Web,-3,-728.07
2025-03-20,SO-702181,Home,Marketplace,1,96.88
2025-03-20,SO-702182,Apparel,Web,3,108.78
2025-03-20,SO-702183,Electronics,Web,5,109.7
2025-03-20,SO-702184,Outdoor,Web,5,232.65
2025-03-21,SO-702185,Outdoor,Marketplace,5,376.45
2025-03-21,SO-702186,Home,Retail,4,772.76
2025-03-21,SO-702187,Outdoor,Marketplace,4,549.88
2025-03-21,SO-702188,Outdoor,Retail,2,123.42
2025-03-21,SO-702189,Electronics,Web,-3,-112.11
2025-03-21,SO-702190,Electronics,Web,1,6.85
2025-03-21,SO-702191,Electronics,Web,1,36.69
2025-03-21,SO-702192,Apparel,Marketplace,5,507.8
2025-03-21,SO-702193,Apparel,Marketplace,3,160.11
2025-03-21,SO-702194,Home,Web,-3,-445.44
2025-03-22,SO-702195,Outdoor,Retail,3,163.2
2025-03-22,SO-702196,Apparel,Web,4,183.96
2025-03-22,SO-702197,Home,Retail,3,61.92
2025-03-22,SO-702198,Apparel,Web,2,80.72
2025-03-22,SO-702199,Home,Marketplace,5,437.85
2025-03-22,SO-702200,Home,Web,1,102.68
2025-03-22,SO-702201,Apparel,Retail,1,7.64
2025-03-23,SO-702202,Home,Web,3,260.64
2025-03-23,SO-702203,Home,Marketplace,2,57.36
2025-03-23,SO-702204,Apparel,Web,2,140.9
2025-03-23,SO-702205,Electronics,Marketplace,1,78.11
2025-03-23,SO-702206,Outdoor,Web,4,372.68
2025-03-23,SO-702207,Outdoor,Web,1,60.72
2025-03-23,SO-702208,Electronics,Marketplace,2,160.92
2025-03-23,SO-702209,Electronics,Web,2,138.7
2025-03-23,SO-702210,Outdoor,Web,3,71.22
2025-03-24,SO-702211,Apparel,Web,4,522.04
2025-03-24,SO-702212,Electronics,Web,4,276.68
2025-03-24,SO-702213,Apparel,Web,5,378.85
2025-03-24,SO-702214,Electronics,Marketplace,2,239.22
2025-03-25,SO-702215,Home,Marketplace,5,290.4
2025-03-25,SO-702216,Home,Web,4,250.08
2025-03-25,SO-702217,Electronics,Retail,-4,-611.36
2025-03-25,SO-702218,Apparel,Web,2,40.92
2025-03-25,SO-702219,Apparel,Marketplace,1,66.28
2025-03-25,SO-702220,Home,Web,3,347.25
2025-03-25,SO-702221,Apparel,Web,2,208.62
2025-03-25,SO-702222,Apparel,Marketplace,1,210.72
2025-03-25,SO-702223,Home,Retail,5,579.05
2025-03-25,SO-702224,Apparel,Marketplace,4,438.24
2025-03-25,SO-702225,Electronics,Web,1,94.96
2025-03-25,SO-702226,Electronics,Marketplace,4,482.2
2025-03-26,SO-702227,Outdoor,Web,5,537.6
2025-03-26,SO-702228,Home,Web,4,168.24
2025-03-26,SO-702229,Apparel,Marketplace,5,197.55
2025-03-26,SO-702230,Electronics,Marketplace,3,364.59
2025-03-26,SO-702231,Electronics,Marketplace,5,248.95
2025-03-26,SO-702232,Apparel,Retail,4,278.72
2025-03-26,SO-702233,Home,Retail,1,26.68
2025-03-26,SO-702234,Apparel,Web,3,210.06
2025-03-27,SO-702235,Apparel,Retail,1,50.43
2025-03-27,SO-702236,Outdoor,Web,2,99.96
2025-03-27,SO-702237,Outdoor,Marketplace,1,53.1
2025-03-27,SO-702238,Apparel,Marketplace,-3,-249.18
2025-03-27,SO-702239,Home,Retail,2,47.08
2025-03-27,SO-702240,Electronics,Marketplace,1,34.93
2025-03-27,SO-702241,Home,Marketplace,1,75.79
2025-03-27,SO-702242,Outdoor,Retail,4,297.96
2025-03-27,SO-702243,Home,Marketplace,3,220.68
2025-03-27,SO-702244,Outdoor,Marketplace,5,420.85
2025-03-28,SO-702245,Electronics,Web,1,126.09
2025-03-28,SO-702246,Apparel,Web,4,161.0
2025-03-28,SO-702247,Home,Web,1,25.46
2025-03-28,SO-702248,Electronics,Marketplace,4,164.28
2025-03-28,SO-702249,Electronics,Marketplace,3,314.73
2025-03-28,SO-702250,Home,Retail,5,279.1
2025-03-28,SO-702251,Electronics,Web,2,165.84
2025-03-28,SO-702252,Outdoor,Web,5,409.0
2025-03-28,SO-702253,Outdoor,Web,2,77.26
2025-03-28,SO-702254,Home,Web,1,43.54
2025-03-28,SO-702255,Home,Retail,2,100.06
2025-03-29,SO-702256,Apparel,Marketplace,4,139.32
2025-03-29,SO-702257,Apparel,Marketplace,5,220.45
2025-03-29,SO-702258,Home,Web,3,49.11
2025-03-29,SO-702259,Outdoor,Web,1,92.18
2025-03-29,SO-702260,Home,Web,3,795.84
2025-03-29,SO-702261,Outdoor,Web,5,166.5
2025-03-30,SO-702262,Home,Marketplace,2,30.08
2025-03-30,SO-702263,Home,Marketplace,5,110.85
2025-03-30,SO-702264,Home,Marketplace,4,92.48
2025-03-30,SO-702265,Outdoor,Retail,2,75.08
2025-03-30,SO-702266,Apparel,Web,2,69.62
2025-03-30,SO-702267,Apparel,Web,5,118.45
2025-03-31,SO-702268,Apparel,Web,4,107.76
2025-03-31,SO-702269,Electronics,Web,4,501.44
2025-03-31,SO-702270,Apparel,Retail,3,140.13
2025-03-31,SO-702271,Home,Retail,3,460.17
2025-03-31,SO-702272,Apparel,Marketplace,1,57.35
2025-03-31,SO-702273,Outdoor,Web,5,122.3
2025-04-01,SO-702274,Home,Web,3,400.53
2025-04-01,SO-702275,Electronics,Retail,3,248.37
2025-04-01,SO-702276,Apparel,Retail,5,163.4
2025-04-01,SO-702277,Electronics,Retail,1,28.34
2025-04-01,SO-702278,Outdoor,Web,2,179.34
2025-04-01,SO-702279,Electronics,Web,3,85.56
2025-04-01,SO-702280,Apparel,Web,1,83.08
2025-04-01,SO-702281,Outdoor,Retail,3,277.08
2025-04-01,SO-702282,Electronics,Web,-2,-113.74
2025-04-01,SO-702283,Apparel,Retail,3,660.09
2025-04-01,SO-702284,Apparel,Web,2,85.34
2025-04-02,SO-702285,Home,Web,-4,-446.76
2025-04-02,SO-702286,Apparel,Web,5,344.2
2025-04-02,SO-702287,Apparel,Web,-2,-147.96
2025-04-02,SO-702288,Home,Web,2,257.72
2025-04-02,SO-702289,Apparel,Web,2,170.5
2025-04-03,SO-702290,Apparel,Retail,4,301.76
2025-04-03,SO-702291,Apparel,Marketplace,5,206.55
2025-04-03,SO-702292,Apparel,Web,5,278.65
2025-04-03,SO-702293,Electronics,Retail,1,98.25
2025-04-03,SO-702294,Apparel,Marketplace,3,265.86
2025-04-03,SO-702295,Electronics,Web,5,320.25
2025-04-03,SO-702296,Outdoor,Marketplace,4,545.6
2025-04-03,SO-702297,Apparel,Retail,-1,-33.56
2025-04-03,SO-702298,Electronics,Web,3,214.41
2025-04-04,SO-702299,Electronics,Web,4,428.64
2025-04-04,SO-702300,Home,Web,1,24.69
2025-04-04,SO-702301,Home,Web,-4,-57.24
2025-04-04,SO-702302,Electronics,Web,1,15.62
2025-04-05,SO-702303,Apparel,Web,5,423.4
2025-04-05,SO-702304,Home,Web,2,439.12
2025-04-05,SO-702305,Electronics,Marketplace,1,126.5
2025-04-05,SO-702306,Electronics,Web,3,38.76
2025-04-05,SO-702307,Home,Marketplace,3,244.08
2025-04-05,SO-702308,Apparel,Web,4,55.2
2025-04-06,SO-702309,Electronics,Web,5,362.6
2025-04-06,SO-702310,Apparel,Marketplace,5,217.3
2025-04-06,SO-702311,Outdoor,Retail,5,294.55
2025-04-06,SO-702312,Electronics,Web,5,395.5
2025-04-06,SO-702313,Home,Web,4,335.4
2025-04-06,SO-702314,Home,Marketplace,5,178.15
2025-04-07,SO-702315,Apparel,Web,3,528.45
2025-04-08,SO-702316,Apparel,Web,1,64.59
2025-04-08,SO-702317,Home,Web,5,280.05
2025-04-08,SO-702318,Apparel,Web,2,39.56
2025-04-08,SO-702319,Apparel,Web,1,20.93
2025-04-08,SO-702320,Apparel,Web,1,87.31
2025-04-08,SO-702321,Home,Marketplace,2,423.92
2025-04-08,SO-702322,Apparel,Web,1,52.32
2025-04-08,SO-702323,Home,Web,3,180.09
2025-04-08,SO-702324,Electronics,Marketplace,-4,-346.24
2025-04-09,SO-702325,Home,Marketplace,4,270.76
2025-04-09,SO-702326,Apparel,Web,2,94.78
2025-04-09,SO-702327,Apparel,Web,1,79.49
2025-04-09,SO-702328,Electronics,Marketplace,3,307.26
2025-04-09,SO-702329,Electronics,Web,1,34.08
2025-04-09,SO-702330,Electronics,Web,1,139.51
2025-04-10,SO-702331,Electronics,Retail,-3,-127.53
2025-04-10,SO-702332,Electronics,Marketplace,3,108.09
2025-04-10,SO-702333,Outdoor,Web,1,79.93
2025-04-10,SO-702334,Outdoor,Web,1,36.54
2025-04-10,SO-702335,Outdoor,Web,3,75.09
2025-04-10,SO-702336,Home,Web,2,163.84
2025-04-10,SO-702337,Outdoor,Web,3,200.64
2025-04-10,SO-702338,Home,Web,4,181.04
2025-04-10,SO-702339,Apparel,Web,1,70.62
2025-04-11,SO-702340,Home,Web,2,95.24
2025-04-11,SO-702341,Electronics,Marketplace,2,114.66
2025-04-11,SO-702342,Home,Web,-1,-39.41
2025-04-11,SO-702343,Electronics,Retail,1,30.44
2025-04-11,SO-702344,Home,Marketplace,4,257.0
2025-04-11,SO-702345,Home,Marketplace,1,40.66
2025-04-11,SO-702346,Apparel,Web,4,132.16
2025-04-12,SO-702347,Electronics,Web,3,558.42
2025-04-12,SO-702348,Home,Marketplace,-5,-161.0
2025-04-12,SO-702349,Home,Web,1,48.3
2025-04-12,SO-702350,Apparel,Marketplace,3,208.5
2025-04-12,SO-702351,Apparel,Web,2,312.16
2025-04-12,SO-702352,Home,Marketplace,5,268.7
2025-04-12,SO-702353,Apparel,Web,4,359.56
2025-04-13,SO-702354,Home,Web,2,72.26
2025-04-13,SO-702355,Outdoor,Web,5,105.3
2025-04-13,SO-702356,Home,Retail,2,197.28
2025-04-13,SO-702357,Apparel,Marketplace,1,131.25
2025-04-13,SO-702358,Outdoor,Marketplace,5,387.9
2025-04-13,SO-702359,Electronics,Marketplace,-4,-334.48
2025-04-13,SO-702360,Apparel,Web,2,236.98
2025-04-13,SO-702361,Outdoor,Web,5,319.4
2025-04-13,SO-702362,Electronics,Web,-4,-727.56
2025-04-14,SO-702363,Home,Marketplace,4,683.32
2025-04-14,SO-702364,Electronics,Web,4,526.08
2025-04-14,SO-702365,Home,Marketplace,1,64.48
2025-04-14,SO-702366,Electronics,Web,1,49.28
2025-04-14,SO-702367,Electronics,Retail,1,26.32
2025-04-14,SO-702368,Outdoor,Web,1,26.0
2025-04-14,SO-702369,Home,Web,-1,-143.04
2025-04-14,SO-702370,Apparel,Web,1,70.84
2025-04-14,SO-702371,Home,Marketplace,4,131.8
2025-04-15,SO-702372,Apparel,Marketplace,-3,-62.19
2025-04-15,SO-702373,Home,Web,1,30.32
2025-04-15,SO-702374,Home,Marketplace,5,418.05
2025-04-15,SO-702375,Home,Marketplace,1,91.34
2025-04-15,SO-702376,Apparel,Marketplace,3,397.29
2025-04-15,SO-702377,Electronics,Web,4,566.44
2025-04-15,SO-702378,Apparel,Web,5,183.85
2025-04-16,SO-702379,Apparel,Marketplace,1,112.79
2025-04-16,SO-702380,Home,Marketplace,2,112.86
2025-04-16,SO-702381,Home,Marketplace,4,325.32
2025-04-16,SO-702382,Apparel,Web,1,52.29
2025-04-16,SO-702383,Electronics,Web,3,406.05
2025-04-16,SO-702384,Apparel,Marketplace,5,327.0
2025-04-16,SO-702385,Outdoor,Marketplace,4,426.56
2025-04-16,SO-702386,Outdoor,Marketplace,-5,-72.9
2025-04-16,SO-702387,Outdoor,Web,3,361.95
2025-04-17,SO-702388,Apparel,Web,3,316.26
2025-04-17,SO-702389,Outdoor,Web,5,479.45
2025-04-17,SO-702390,Home,Retail,3,134.82
2025-04-17,SO-702391,Outdoor,Web,-1,-103.73
2025-04-17,SO-702392,Outdoor,Web,2,121.02
2025-04-17,SO-702393,Home,Retail,1,110.25
2025-04-17,SO-702394,Home,Marketplace,3,319.17
2025-04-17,SO-702395,Home,Web,4,160.2
2025-04-18,SO-702396,Electronics,Marketplace,3,131.82
2025-04-18,SO-702397,Apparel,Web,2,211.16
2025-04-18,SO-702398,Electronics,Web,4,144.68
2025-04-18,SO-702399,Outdoor,Web,2,96.58
2025-04-18,SO-702400,Home,Web,5,207.85
2025-04-18,SO-702401,Home,Web,1,20.88
2025-04-18,SO-702402,Apparel,Marketplace,4,177.48
2025-04-18,SO-702403,Apparel,Web,5,219.85
2025-04-18,SO-702404,Apparel,Web,3,41.94
2025-04-19,SO-702405,Electronics,Web,3,57.57
2025-04-19,SO-702406,Electronics,Retail,3,208.44
2025-04-19,SO-702407,Electronics,Web,5,150.7
2025-04-19,SO-702408,Electronics,Marketplace,3,429.27
2025-04-19,SO-702409,Apparel,Web,2,253.96
2025-04-20,SO-702410,Electronics,Marketplace,3,138.06
2025-04-20,SO-702411,Electronics,Marketplace,5,98.45
2025-04-21,SO-702412,Electronics,Web,-5,-70.3
2025-04-21,SO-702413,Apparel,Web,1,101.57
2025-04-21,SO-702414,Outdoor,Web,3,233.04
2025-04-21,SO-702415,Apparel,Retail,2,113.24
2025-04-21,SO-702416,Apparel,Web,5,61.55
2025-04-21,SO-702417,Home,Marketplace,3,395.22
2025-04-21,SO-702418,Apparel,Web,-5,-302.6
2025-04-22,SO-702419,Home,Marketplace,2,155.5
2025-04-22,SO-702420,Electronics,Marketplace,5,190.3
2025-04-22,SO-702421,Apparel,Web,2,41.88
2025-04-22,SO-702422,Electronics,Marketplace,3,77.46
2025-04-22,SO-702423,Home,Web,3,294.9
2025-04-22,SO-702424,Home,Marketplace,-3,-159.54
2025-04-22,SO-702425,Home,Marketplace,2,189.66
2025-04-23,SO-702426,Home,Web,2,132.32
2025-04-23,SO-702427,Electronics,Web,3,273.15
2025-04-23,SO-702428,Home,Retail,-4,-129.8
2025-04-23,SO-702429,Home,Marketplace,1,39.19
2025-04-23,SO-702430,Apparel,Marketplace,2,69.8
2025-04-23,SO-702431,Outdoor,Marketplace,4,516.6
2025-04-24,SO-702432,Electronics,Retail,4,379.4
2025-04-24,SO-702433,Electronics,Web,1,51.42
2025-04-24,SO-702434,Electronics,Web,4,213.56
2025-04-24,SO-702435,Apparel,Marketplace,4,162.92
2025-04-24,SO-702436,Outdoor,Marketplace,1,34.06
2025-04-24,SO-702437,Apparel,Marketplace,4,191.16
2025-04-24,SO-702438,Electronics,Web,-5,-24.25
2025-04-24,SO-702439,Home,Web,2,111.2
2025-04-24,SO-702440,Apparel,Retail,4,55.56
2025-04-24,SO-702441,Home,Marketplace,2,130.86
2025-04-25,SO-702442,Home,Marketplace,3,69.51
2025-04-25,SO-702443,Electronics,Retail,2,123.44
2025-04-25,SO-702444,Apparel,Web,5,226.45
2025-04-25,SO-702445,Apparel,Marketplace,5,221.65
2025-04-25,SO-702446,Home,Marketplace,1,23.12
2025-04-26,SO-702447,Electronics,Web,2,188.74
2025-04-26,SO-702448,Apparel,Web,2,116.08
2025-04-26,SO-702449,Electronics,Marketplace,1,102.28
2025-04-26,SO-702450,Home,Marketplace,5,312.5
2025-04-26,SO-702451,Apparel,Retail,4,584.56
2025-04-26,SO-702452,Home,Marketplace,2,195.72
2025-04-26,SO-702453,Electronics,Web,1,90.82
2025-04-26,SO-702454,Home,Web,3,331.77
2025-04-26,SO-702455,Electronics,Retail,3,177.33
2025-04-27,SO-702456,Home,Web,1,48.93
2025-04-27,SO-702457,Home,Web,3,253.35
2025-04-27,SO-702458,Outdoor,Web,4,83.8
2025-04-27,SO-702459,Apparel,Web,1,60.49
2025-04-27,SO-702460,Home,Web,3,358.17
2025-04-27,SO-702461,Electronics,Marketplace,4,106.36
2025-04-27,SO-702462,Apparel,Marketplace,5,290.85
2025-04-27,SO-702463,Apparel,Web,5,316.6
2025-04-27,SO-702464,Electronics,Web,-1,-37.1
2025-04-28,SO-702465,Outdoor,Web,3,265.92
2025-04-28,SO-702466,Apparel,Retail,1,76.17
2025-04-28,SO-702467,Apparel,Web,5,102.5
2025-04-28,SO-702468,Apparel,Marketplace,5,120.05
2025-04-28,SO-702469,Home,Retail,2,207.1
2025-04-28,SO-702470,Home,Retail,4,249.52
2025-04-29,SO-702471,Electronics,Web,4,245.52
2025-04-29,SO-702472,Home,Marketplace,-5,-300.65
2025-04-29,SO-702473,Electronics,Web,5,190.95
2025-04-29,SO-702474,Electronics,Web,3,165.12
2025-04-29,SO-702475,Home,Web,1,51.3
2025-04-29,SO-702476,Apparel,Web,5,373.0
2025-04-29,SO-702477,Electronics,Retail,2,69.76
2025-04-30,SO-702478,Home,Web,5,538.6
2025-04-30,SO-702479,Outdoor,Web,1,44.36
2025-04-30,SO-702480,Outdoor,Web,5,262.8
2025-04-30,SO-702481,Electronics,Retail,3,347.4
2025-04-30,SO-702482,Electronics,Web,5,426.05
2025-04-30,SO-702483,Electronics,Web,4,364.48
2025-05-01,SO-702484,Electronics,Marketplace,2,66.5
2025-05-01,SO-702485,Home,Marketplace,3,140.22
2025-05-01,SO-702486,Outdoor,Retail,5,401.05
2025-05-01,SO-702487,Apparel,Web,5,406.9
2025-05-01,SO-702488,Apparel,Retail,5,702.3
2025-05-01,SO-702489,Apparel,Web,4,283.48
2025-05-01,SO-702490,Outdoor,Web,5,601.95
2025-05-02,SO-702491,Electronics,Marketplace,2,196.34
2025-05-02,SO-702492,Outdoor,Marketplace,4,88.52
2025-05-02,SO-702493,Electronics,Web,3,125.94
2025-05-02,SO-702494,Apparel,Marketplace,4,64.48
2025-05-03,SO-702495,Home,Retail,3,80.55
2025-05-03,SO-702496,Home,Web,1,41.1
2025-05-03,SO-702497,Electronics,Web,5,343.65
2025-05-03,SO-702498,Apparel,Marketplace,4,385.8
2025-05-03,SO-702499,Home,Retail,5,119.15
2025-05-03,SO-702500,Apparel,Web,5,328.1
2025-05-04,SO-702501,Outdoor,Marketplace,5,333.85
2025-05-04,SO-702502,Apparel,Web,3,215.88
2025-05-04,SO-702503,Home,Retail,4,78.08
2025-05-04,SO-702504,Outdoor,Web,2,169.74
2025-05-04,SO-702505,Electronics,Marketplace,5,487.85
2025-05-04,SO-702506,Home,Marketplace,5,725.6
2025-05-04,SO-702507,Apparel,Web,4,342.28
2025-05-04,SO-702508,Apparel,Marketplace,5,218.7
2025-05-05,SO-702509,Outdoor,Retail,2,119.82
2025-05-05,SO-702510,Electronics,Marketplace,5,211.45
2025-05-05,SO-702511,Electronics,Web,2,423.1
2025-05-05,SO-702512,Outdoor,Marketplace,1,57.08
2025-05-05,SO-702513,Outdoor,Marketplace,1,132.71
2025-05-05,SO-702514,Apparel,Web,-1,-111.0
2025-05-05,SO-702515,Electronics,Web,3,76.86
2025-05-06,SO-702516,Electronics,Web,5,410.4
2025-05-06,SO-702517,Home,Retail,1,122.86
2025-05-06,SO-702518,Apparel,Marketplace,2,12.66
2025-05-06,SO-702519,Home,Web,1,27.46
2025-05-06,SO-702520,Electronics,Web,2,149.84
2025-05-06,SO-702521,Outdoor,Marketplace,2,81.98
2025-05-07,SO-702522,Outdoor,Marketplace,1,120.73
2025-05-07,SO-702523,Apparel,Marketplace,3,151.41
2025-05-07,SO-702524,Outdoor,Marketplace,5,180.2
2025-05-07,SO-702525,Apparel,Marketplace,-3,-390.12
2025-05-07,SO-702526,Apparel,Retail,4,314.68
2025-05-07,SO-702527,Home,Retail,2,229.74
2025-05-07,SO-702528,Electronics,Marketplace,3,22.59
2025-05-07,SO-702529,Apparel,Web,2,239.1
2025-05-07,SO-702530,Home,Web,5,408.5
2025-05-07,SO-702531,Electronics,Marketplace,1,135.79
2025-05-07,SO-702532,Electronics,Web,4,175.64
2025-05-07,SO-702533,Electronics,Web,3,75.99
2025-05-07,SO-702534,Electronics,Marketplace,1,112.38
2025-05-07,SO-702535,Electronics,Web,3,183.63
2025-05-07,SO-702536,Outdoor,Retail,5,319.65
2025-05-07,SO-702537,Electronics,Web,4,264.48
2025-05-07,SO-702538,Home,Retail,5,288.1
2025-05-07,SO-702539,Electronics,Marketplace,5,395.45
2025-05-08,SO-702540,Home,Web,2,76.14
2025-05-08,SO-702541,Outdoor,Retail,2,201.2
2025-05-08,SO-702542,Home,Marketplace,2,100.64
2025-05-08,SO-702543,Home,Retail,5,207.6
2025-05-08,SO-702544,Outdoor,Web,-3,-214.02
2025-05-08,SO-702545,Apparel,Retail,4,285.64
2025-05-08,SO-702546,Apparel,Marketplace,2,54.0
2025-05-08,SO-702547,Outdoor,Web,5,200.25
2025-05-08,SO-702548,Electronics,Web,5,241.05
2025-05-08,SO-702549,Home,Web,-3,-171.78
2025-05-08,SO-702550,Electronics,Marketplace,2,192.54
2025-05-09,SO-702551,Outdoor,Web,5,377.95
2025-05-09,SO-702552,Electronics,Web,3,125.7
2025-05-09,SO-702553,Electronics,Web,3,292.74
2025-05-09,SO-702554,Electronics,Web,2,171.3
2025-05-09,SO-702555,Electronics,Web,3,745.41
2025-05-10,SO-702556,Electronics,Web,3,60.54
2025-05-10,SO-702557,Apparel,Web,5,268.5
2025-05-10,SO-702558,Home,Marketplace,5,246.95
2025-05-11,SO-702559,Home,Web,4,164.4
2025-05-11,SO-702560,Apparel,Web,4,272.04
2025-05-11,SO-702561,Home,Web,2,238.62
2025-05-11,SO-702562,Home,Web,3,258.24
2025-05-11,SO-702563,Electronics,Web,3,210.06
2025-05-11,SO-702564,Electronics,Web,3,132.36
2025-05-11,SO-702565,Electronics,Web,3,273.75
2025-05-11,SO-702566,Electronics,Web,1,33.37
2025-05-11,SO-702567,Home,Marketplace,4,597.56
2025-05-11,SO-702568,Home,Web,1,116.71
2025-05-11,SO-702569,Electronics,Marketplace,2,148.54
2025-05-12,SO-702570,Outdoor,Web,4,302.92
2025-05-12,SO-702571,Home,Retail,3,167.04
2025-05-12,SO-702572,Electronics,Retail,5,222.65
2025-05-12,SO-702573,Electronics,Web,1,108.76
2025-05-12,SO-702574,Home,Web,2,97.62
2025-05-12,SO-702575,Apparel,Retail,2,264.8
2025-05-12,SO-702576,Apparel,Marketplace,3,100.26
2025-05-13,SO-702577,Apparel,Web,5,184.65
2025-05-13,SO-702578,Home,Web,3,203.49
2025-05-13,SO-702579,Home,Marketplace,5,680.9
2025-05-13,SO-702580,Outdoor,Web,1,72.24
2025-05-13,SO-702581,Electronics,Web,4,533.92
2025-05-13,SO-702582,Outdoor,Retail,5,331.1
2025-05-13,SO-702583,Outdoor,Web,5,110.15
2025-05-14,SO-702584,Apparel,Web,2,206.06
2025-05-14,SO-702585,Home,Web,2,99.84
2025-05-14,SO-702586,Electronics,Retail,2,318.42
2025-05-14,SO-702587,Home,Web,5,349.4
2025-05-14,SO-702588,Apparel,Retail,2,286.56
2025-05-14,SO-702589,Electronics,Web,4,386.44
2025-05-14,SO-702590,Electronics,Web,2,259.58
2025-05-15,SO-702591,Apparel,Retail,4,264.52
2025-05-15,SO-702592,Apparel,Web,2,139.64
2025-05-15,SO-702593,Apparel,Retail,3,279.24
2025-05-15,SO-702594,Electronics,Web,3,376.44
2025-05-15,SO-702595,Home,Marketplace,1,25.67
2025-05-15,SO-702596,Outdoor,Web,2,121.24
2025-05-15,SO-702597,Electronics,Web,2,20.78
2025-05-15,SO-702598,Apparel,Web,5,386.2
2025-05-16,SO-702599,Apparel,Web,4,46.04
2025-05-16,SO-702600,Home,Marketplace,4,123.68
2025-05-16,SO-702601,Outdoor,Web,5,655.8
2025-05-16,SO-702602,Outdoor,Web,1,81.65
2025-05-16,SO-702603,Home,Web,2,155.06
2025-05-16,SO-702604,Apparel,Retail,1,48.43
2025-05-16,SO-702605,Home,Web,2,100.06
2025-05-16,SO-702606,Home,Web,3,347.94
2025-05-16,SO-702607,Apparel,Retail,3,227.73
2025-05-16,SO-702608,Home,Web,5,198.25
2025-05-17,SO-702609,Electronics,Web,3,318.06
2025-05-17,SO-702610,Apparel,Web,3,90.63
2025-05-17,SO-702611,Home,Web,4,189.6
2025-05-17,SO-702612,Apparel,Web,1,42.19
2025-05-17,SO-702613,Electronics,Web,2,45.2
2025-05-17,SO-702614,Home,Web,2,126.12
2025-05-17,SO-702615,Electronics,Web,4,280.76
2025-05-18,SO-702616,Electronics,Marketplace,-1,-40.42
2025-05-18,SO-702617,Electronics,Retail,5,216.25
2025-05-18,SO-702618,Home,Web,3,317.16
2025-05-18,SO-702619,Apparel,Marketplace,5,345.25
2025-05-18,SO-702620,Apparel,Web,4,204.0
2025-05-19,SO-702621,Electronics,Marketplace,5,271.65
2025-05-19,SO-702622,Apparel,Marketplace,2,14.42
2025-05-19,SO-702623,Electronics,Web,2,312.84
2025-05-19,SO-702624,Electronics,Web,2,154.86
2025-05-19,SO-702625,Apparel,Retail,1,44.14
2025-05-19,SO-702626,Outdoor,Web,1,84.73
2025-05-20,SO-702627,Electronics,Web,1,107.37
2025-05-20,SO-702628,Home,Web,4,286.24
2025-05-20,SO-702629,Home,Retail,4,385.64
2025-05-21,SO-702630,Outdoor,Web,-5,-689.95
2025-05-21,SO-702631,Apparel,Web,4,613.8
2025-05-21,SO-702632,Apparel,Marketplace,5,506.65
2025-05-21,SO-702633,Home,Web,5,569.4
2025-05-21,SO-702634,Apparel,Web,5,597.0
2025-05-21,SO-702635,Electronics,Web,2,26.48
2025-05-21,SO-702636,Outdoor,Retail,1,59.36
2025-05-21,SO-702637,Apparel,Web,1,27.87
2025-05-21,SO-702638,Apparel,Web,1,138.86
2025-05-22,SO-702639,Home,Retail,4,234.76
2025-05-22,SO-702640,Outdoor,Web,4,319.16
2025-05-22,SO-702641,Electronics,Web,5,515.5
2025-05-22,SO-702642,Apparel,Web,3,297.69
2025-05-22,SO-702643,Outdoor,Web,5,292.3
2025-05-23,SO-702644,Home,Marketplace,3,209.01
2025-05-23,SO-702645,Home,Web,5,930.3
2025-05-23,SO-702646,Electronics,Web,3,376.89
2025-05-23,SO-702647,Apparel,Web,2,72.64
2025-05-23,SO-702648,Apparel,Web,-4,-307.88
2025-05-23,SO-702649,Apparel,Web,2,144.0
2025-05-23,SO-702650,Apparel,Web,2,192.78
2025-05-23,SO-702651,Electronics,Web,4,165.4
2025-05-23,SO-702652,Outdoor,Marketplace,3,243.24
2025-05-23,SO-702653,Electronics,Retail,3,164.49
2025-05-23,SO-702654,Electronics,Web,5,314.55
2025-05-23,SO-702655,Electronics,Marketplace,4,365.4
2025-05-23,SO-702656,Apparel,Web,2,166.44
2025-05-23,SO-702657,Home,Retail,5,152.3
2025-05-23,SO-702658,Home,Web,4,529.92
2025-05-24,SO-702659,Outdoor,Marketplace,5,221.2
2025-05-24,SO-702660,Home,Retail,2,212.78
2025-05-24,SO-702661,Home,Retail,1,104.64
2025-05-24,SO-702662,Apparel,Web,3,186.66
2025-05-24,SO-702663,Outdoor,Web,1,14.48
2025-05-24,SO-702664,Apparel,Marketplace,4,390.52
2025-05-24,SO-702665,Apparel,Web,5,379.1
2025-05-25,SO-702666,Electronics,Web,1,108.43
2025-05-25,SO-702667,Electronics,Web,2,164.2
2025-05-25,SO-702668,Apparel,Web,4,229.52
2025-05-25,SO-702669,Home,Web,2,57.0
2025-05-25,SO-702670,Electronics,Marketplace,1,60.52
2025-05-25,SO-702671,Home,Web,4,447.32
2025-05-25,SO-702672,Apparel,Web,1,75.7
2025-05-25,SO-702673,Outdoor,Web,4,165.76
2025-05-25,SO-702674,Home,Web,4,272.44
2025-05-25,SO-702675,Home,Retail,1,81.93
2025-05-26,SO-702676,Outdoor,Web,2,146.66
2025-05-26,SO-702677,Apparel,Retail,1,82.72
2025-05-26,SO-702678,Home,Web,1,57.21
2025-05-26,SO-702679,Home,Marketplace,4,183.88
2025-05-26,SO-702680,Apparel,Marketplace,1,246.25
2025-05-26,SO-702681,Home,Web,5,298.1
2025-05-26,SO-702682,Electronics,Marketplace,2,72.18
2025-05-27,SO-702683,Apparel,Web,5,675.8
2025-05-27,SO-702684,Apparel,Web,4,275.96
2025-05-27,SO-702685,Electronics,Marketplace,3,60.6
2025-05-27,SO-702686,Electronics,Web,2,178.3
2025-05-27,SO-702687,Outdoor,Web,5,745.7
2025-05-27,SO-702688,Electronics,Retail,2,133.28
2025-05-27,SO-702689,Apparel,Web,3,132.0
2025-05-27,SO-702690,Electronics,Web,1,19.3
2025-05-27,SO-702691,Apparel,Retail,5,331.95
2025-05-27,SO-702692,Apparel,Web,5,217.0
2025-05-28,SO-702693,Outdoor,Web,3,490.35
2025-05-28,SO-702694,Apparel,Web,2,163.94
2025-05-28,SO-702695,Apparel,Marketplace,3,61.2
2025-05-28,SO-702696,Home,Web,5,160.6
2025-05-28,SO-702697,Outdoor,Web,2,100.44
2025-05-28,SO-702698,Electronics,Retail,5,523.25
2025-05-28,SO-702699,Outdoor,Web,1,100.54
2025-05-29,SO-702700,Electronics,Retail,4,533.56
2025-05-29,SO-702701,Home,Retail,3,46.17
2025-05-29,SO-702702,Electronics,Marketplace,1,63.1
2025-05-29,SO-702703,Outdoor,Web,4,277.4
2025-05-29,SO-702704,Home,Web,4,348.92
2025-05-29,SO-702705,Apparel,Web,3,329.76
2025-05-29,SO-702706,Electronics,Marketplace,4,248.76
2025-05-30,SO-702707,Outdoor,Web,5,122.5
2025-05-30,SO-702708,Apparel,Web,3,100.05
2025-05-30,SO-702709,Apparel,Web,1,68.83
2025-05-30,SO-702710,Outdoor,Web,5,563.65
2025-05-30,SO-702711,Outdoor,Web,4,351.88
2025-05-31,SO-702712,Home,Web,2,124.06
2025-05-31,SO-702713,Electronics,Marketplace,3,231.0
2025-05-31,SO-702714,Home,Web,3,162.9
2025-05-31,SO-702715,Apparel,Web,1,50.93
2025-05-31,SO-702716,Home,Retail,1,74.34
2025-05-31,SO-702717,Electronics,Web,3,90.87
2025-06-01,SO-702718,Electronics,Web,5,182.95
2025-06-01,SO-702719,Home,Retail,1,55.75
2025-06-01,SO-702720,Apparel,Web,2,284.4
2025-06-01,SO-702721,Outdoor,Web,3,140.31
2025-06-01,SO-702722,Electronics,Marketplace,5,451.75
2025-06-01,SO-702723,Electronics,Web,4,671.6
2025-06-02,SO-702724,Home,Marketplace,3,223.5
2025-06-02,SO-702725,Home,Marketplace,4,292.68
2025-06-02,SO-702726,Electronics,Marketplace,4,285.8
2025-06-02,SO-702727,Apparel,Retail,2,168.98
2025-06-02,SO-702728,Home,Web,5,139.7
2025-06-02,SO-702729,Electronics,Marketplace,5,363.4
2025-06-02,SO-702730,Apparel,Marketplace,4,119.72
2025-06-02,SO-702731,Home,Marketplace,5,139.0
2025-06-02,SO-702732,Apparel,Web,1,97.29
2025-06-02,SO-702733,Home,Marketplace,1,126.62
2025-06-02,SO-702734,Home,Web,-5,-316.75
2025-06-02,SO-702735,Apparel,Web,2,84.98
2025-06-03,SO-702736,Home,Web,5,268.65
2025-06-03,SO-702737,Home,Web,5,959.8
2025-06-03,SO-702738,Apparel,Web,4,217.44
2025-06-03,SO-702739,Electronics,Web,5,577.35
2025-06-03,SO-702740,Home,Web,2,76.48
2025-06-03,SO-702741,Apparel,Web,5,120.7
2025-06-03,SO-702742,Apparel,Marketplace,4,121.56
2025-06-03,SO-702743,Apparel,Marketplace,3,76.62
2025-06-03,SO-702744,Outdoor,Retail,4,496.32
2025-06-04,SO-702745,Apparel,Web,4,247.56
2025-06-04,SO-702746,Home,Marketplace,2,57.72
2025-06-04,SO-702747,Home,Web,5,75.75
2025-06-04,SO-702748,Apparel,Web,-1,-129.35
2025-06-04,SO-702749,Home,Retail,4,756.0
2025-06-04,SO-702750,Outdoor,Web,1,51.92
2025-06-04,SO-702751,Electronics,Web,4,283.36
2025-06-04,SO-702752,Home,Web,2,157.0
2025-06-05,SO-702753,Apparel,Web,2,72.76
2025-06-05,SO-702754,Electronics,Marketplace,5,69.55
2025-06-05,SO-702755,Outdoor,Retail,2,157.78
2025-06-05,SO-702756,Home,Marketplace,1,119.96
2025-06-05,SO-702757,Apparel,Web,4,97.8
2025-06-05,SO-702758,Home,Web,1,43.58
2025-06-05,SO-702759,Electronics,Web,2,107.38
2025-06-05,SO-702760,Outdoor,Web,1,41.17
2025-06-06,SO-702761,Home,Web,3,89.82
2025-06-06,SO-702762,Apparel,Retail,3,53.34
2025-06-06,SO-702763,Apparel,Marketplace,3,133.35
2025-06-06,SO-702764,Outdoor,Web,3,241.86
2025-06-06,SO-702765,Electronics,Marketplace,5,339.05
2025-06-06,SO-702766,Outdoor,Web,3,76.89
2025-06-06,SO-702767,Electronics,Web,5,205.2
2025-06-07,SO-702768,Electronics,Web,4,374.2
2025-06-07,SO-702769,Outdoor,Web,-2,-85.78
2025-06-07,SO-702770,Apparel,Marketplace,3,178.2
2025-06-07,SO-702771,Electronics,Retail,1,118.48
2025-06-07,SO-702772,Apparel,Retail,3,306.48
2025-06-07,SO-702773,Home,Retail,1,89.27
2025-06-07,SO-702774,Apparel,Marketplace,2,121.36
2025-06-07,SO-702775,Outdoor,Web,3,176.01
2025-06-07,SO-702776,Home,Web,2,166.04
2025-06-07,SO-702777,Apparel,Web,1,53.97
2025-06-07,SO-702778,Electronics,Marketplace,1,20.55
2025-06-07,SO-702779,Apparel,Marketplace,3,230.19
2025-06-07,SO-702780,Outdoor,Web,2,135.5
2025-06-07,SO-702781,Home,Marketplace,3,162.84
2025-06-08,SO-702782,Home,Retail,3,442.68
2025-06-08,SO-702783,Electronics,Web,2,140.08
2025-06-08,SO-702784,Electronics,Web,2,101.12
2025-06-08,SO-702785,Electronics,Marketplace,1,49.37
2025-06-09,SO-702786,Apparel,Web,2,120.4
2025-06-09,SO-702787,Apparel,Web,3,170.52
2025-06-09,SO-702788,Electronics,Marketplace,5,447.95
2025-06-09,SO-702789,Apparel,Web,5,278.2
2025-06-09,SO-702790,Home,Web,4,193.76
2025-06-09,SO-702791,Home,Marketplace,4,195.48
2025-06-09,SO-702792,Outdoor,Web,4,208.4
2025-06-09,SO-702793,Home,Web,3,141.03
2025-06-10,SO-702794,Home,Web,-1,-44.43
2025-06-10,SO-702795,Outdoor,Marketplace,1,39.0
2025-06-10,SO-702796,Electronics,Web,4,842.32
2025-06-10,SO-702797,Outdoor,Web,3,599.58
2025-06-10,SO-702798,Home,Web,5,411.0
2025-06-10,SO-702799,Apparel,Retail,2,197.34
2025-06-10,SO-702800,Apparel,Marketplace,3,78.99
2025-06-10,SO-702801,Apparel,Web,5,441.65
2025-06-11,SO-702802,Outdoor,Web,4,261.52
2025-06-11,SO-702803,Apparel,Retail,5,365.55
2025-06-11,SO-702804,Home,Retail,2,92.12
2025-06-11,SO-702805,Electronics,Web,2,197.62
2025-06-11,SO-702806,Outdoor,Marketplace,2,101.84
2025-06-11,SO-702807,Apparel,Retail,5,388.15
2025-06-11,SO-702808,Home,Web,1,67.87
2025-06-11,SO-702809,Outdoor,Marketplace,3,46.53
2025-06-12,SO-702810,Electronics,Web,-4,-213.64
2025-06-12,SO-702811,Apparel,Marketplace,1,78.05
2025-06-12,SO-702812,Home,Web,3,149.85
2025-06-12,SO-702813,Apparel,Retail,5,1210.9
2025-06-12,SO-702814,Home,Web,2,100.94
2025-06-13,SO-702815,Electronics,Marketplace,5,373.6
2025-06-13,SO-702816,Electronics,Web,3,223.2
2025-06-13,SO-702817,Home,Retail,3,93.36
2025-06-14,SO-702818,Apparel,Marketplace,4,109.0
2025-06-14,SO-702819,Electronics,Web,3,248.85
2025-06-14,SO-702820,Apparel,Marketplace,1,48.74
2025-06-14,SO-702821,Home,Marketplace,4,280.96
2025-06-15,SO-702822,Apparel,Web,4,223.76
2025-06-15,SO-702823,Home,Marketplace,2,130.24
2025-06-15,SO-702824,Home,Marketplace,1,49.11
2025-06-15,SO-702825,Apparel,Retail,1,60.13
2025-06-15,SO-702826,Home,Web,1,45.66
2025-06-16,SO-702827,Home,Web,-2,-125.76
2025-06-16,SO-702828,Electronics,Web,1,35.05
2025-06-16,SO-702829,Electronics,Web,-3,-165.15
2025-06-16,SO-702830,Home,Marketplace,-3,-429.18
2025-06-16,SO-702831,Home,Marketplace,5,353.45
2025-06-16,SO-702832,Apparel,Marketplace,4,129.84
2025-06-16,SO-702833,Outdoor,Marketplace,4,281.4
2025-06-16,SO-702834,Electronics,Marketplace,2,39.68
2025-06-16,SO-702835,Apparel,Web,1,60.6
2025-06-17,SO-702836,Outdoor,Marketplace,1,11.46
2025-06-17,SO-702837,Outdoor,Web,-3,-554.76
2025-06-17,SO-702838,Home,Web,2,80.88
2025-06-17,SO-702839,Apparel,Web,1,19.43
2025-06-17,SO-702840,Electronics,Marketplace,1,20.73
2025-06-17,SO-702841,Electronics,Web,4,421.92
2025-06-17,SO-702842,Apparel,Web,1,61.79
2025-06-17,SO-702843,Home,Marketplace,4,146.6
2025-06-17,SO-702844,Outdoor,Marketplace,4,477.64
2025-06-17,SO-702845,Apparel,Retail,1,84.38
2025-06-18,SO-702846,Home,Web,1,84.54
2025-06-18,SO-702847,Electronics,Web,1,24.26
2025-06-18,SO-702848,Home,Marketplace,4,557.48
2025-06-18,SO-702849,Apparel,Web,5,207.05
2025-06-19,SO-702850,Apparel,Retail,1,50.25
2025-06-19,SO-702851,Home,Web,4,482.76
2025-06-19,SO-702852,Electronics,Web,1,42.4
2025-06-19,SO-702853,Outdoor,Web,2,184.28
2025-06-19,SO-702854,Home,Web,3,98.25
2025-06-19,SO-702855,Electronics,Web,2,55.06
2025-06-19,SO-702856,Electronics,Marketplace,1,51.16
2025-06-19,SO-702857,Apparel,Web,3,317.37
2025-06-19,SO-702858,Apparel,Marketplace,1,88.9
2025-06-19,SO-702859,Electronics,Web,5,281.35
2025-06-20,SO-702860,Electronics,Web,4,206.04
2025-06-20,SO-702861,Apparel,Marketplace,2,94.44
2025-06-20,SO-702862,Outdoor,Web,5,176.05
2025-06-20,SO-702863,Outdoor,Retail,2,141.52
2025-06-21,SO-702864,Outdoor,Marketplace,2,30.16
2025-06-21,SO-702865,Outdoor,Web,3,85.2
2025-06-21,SO-702866,Electronics,Web,2,98.96
2025-06-21,SO-702867,Electronics,Web,1,96.62
2025-06-21,SO-702868,Home,Marketplace,3,153.99
2025-06-21,SO-702869,Apparel,Web,2,71.98
2025-06-22,SO-702870,Electronics,Web,2,151.4
2025-06-22,SO-702871,Home,Web,3,309.84
2025-06-22,SO-702872,Home,Web,4,558.52
2025-06-22,SO-702873,Apparel,Marketplace,4,258.2
2025-06-22,SO-702874,Electronics,Web,2,105.74
2025-06-22,SO-702875,Apparel,Web,5,338.3
2025-06-22,SO-702876,Electronics,Marketplace,2,79.4
2025-06-22,SO-702877,Apparel,Web,2,96.94
2025-06-22,SO-702878,Home,Web,2,65.54
2025-06-22,SO-702879,Home,Web,3,136.68
2025-06-23,SO-702880,Apparel,Web,4,256.28
2025-06-23,SO-702881,Apparel,Web,3,73.74
2025-06-23,SO-702882,Home,Web,-1,-55.13
2025-06-23,SO-702883,Apparel,Retail,1,75.77
2025-06-23,SO-702884,Electronics,Marketplace,3,103.38
2025-06-23,SO-702885,Home,Retail,4,701.76
2025-06-23,SO-702886,Apparel,Retail,1,70.19
2025-06-24,SO-702887,Apparel,Web,5,357.65
2025-06-24,SO-702888,Home,Marketplace,1,93.16
2025-06-24,SO-702889,Electronics,Web,5,234.65
2025-06-24,SO-702890,Outdoor,Web,5,280.8
2025-06-24,SO-702891,Home,Marketplace,-3,-371.25
2025-06-25,SO-702892,Apparel,Web,3,183.0
2025-06-25,SO-702893,Apparel,Web,1,61.54
2025-06-25,SO-702894,Apparel,Web,3,154.35
2025-06-25,SO-702895,Outdoor,Web,2,66.24
2025-06-25,SO-702896,Home,Retail,4,201.44
2025-06-26,SO-702897,Home,Web,1,256.57
2025-06-26,SO-702898,Electronics,Marketplace,4,291.88
2025-06-26,SO-702899,Home,Marketplace,2,194.58
2025-06-26,SO-702900,Home,Retail,1,34.66
2025-06-26,SO-702901,Electronics,Web,5,953.75
2025-06-26,SO-702902,Outdoor,Retail,5,353.55
2025-06-26,SO-702903,Apparel,Web,1,90.52
2025-06-26,SO-702904,Apparel,Web,3,284.97
2025-06-26,SO-702905,Home,Web,3,271.17
2025-06-26,SO-702906,Outdoor,Web,2,33.5
2025-06-27,SO-702907,Electronics,Web,1,110.42
2025-06-27,SO-702908,Home,Marketplace,2,420.52
2025-06-27,SO-702909,Home,Web,5,391.25
2025-06-27,SO-702910,Apparel,Retail,1,66.11
2025-06-27,SO-702911,Electronics,Web,-1,-72.81
2025-06-27,SO-702912,Home,Web,5,545.85
2025-06-28,SO-702913,Home,Marketplace,3,281.61
2025-06-28,SO-702914,Apparel,Marketplace,4,267.04
2025-06-28,SO-702915,Home,Retail,5,652.6
2025-06-28,SO-702916,Apparel,Web,1,76.02
2025-06-28,SO-702917,Electronics,Web,-3,-589.41
2025-06-28,SO-702918,Electronics,Marketplace,5,683.15
2025-06-28,SO-702919,Home,Web,1,96.16
2025-06-28,SO-702920,Home,Web,4,181.56
2025-06-29,SO-702921,Home,Retail,5,357.05
2025-06-29,SO-702922,Electronics,Marketplace,2,213.4
2025-06-29,SO-702923,Apparel,Web,4,87.56
2025-06-29,SO-702924,Outdoor,Web,1,10.8
2025-06-29,SO-702925,Apparel,Web,3,85.08
2025-06-30,SO-702926,Home,Retail,4,691.68
2025-06-30,SO-702927,Home,Retail,1,26.05
2025-06-30,SO-702928,Apparel,Retail,1,52.29
2025-06-30,SO-702929,Apparel,Retail,5,323.5
2025-06-30,SO-702930,Electronics,Web,5,186.7
2025-06-30,SO-702931,Apparel,Marketplace,4,262.84
2025-06-30,SO-702932,Electronics,Marketplace,4,216.48
2025-07-01,SO-702933,Outdoor,Web,2,37.88
2025-07-01,SO-702934,Apparel,Retail,4,215.72
2025-07-01,SO-702935,Apparel,Web,3,323.49
2025-07-01,SO-702936,Outdoor,Web,3,90.0
2025-07-01,SO-702937,Home,Web,4,311.72
2025-07-01,SO-702938,Home,Web,2,226.22
2025-07-01,SO-702939,Apparel,Marketplace,4,623.96
2025-07-01,SO-702940,Apparel,Web,2,333.9
2025-07-02,SO-702941,Apparel,Web,5,581.4
2025-07-02,SO-702942,Apparel,Retail,5,508.75
2025-07-02,SO-702943,Electronics,Marketplace,5,432.05
2025-07-02,SO-702944,Apparel,Web,4,458.6
2025-07-02,SO-702945,Outdoor,Marketplace,3,112.29
2025-07-02,SO-702946,Electronics,Web,1,74.12
2025-07-03,SO-702947,Electronics,Marketplace,1,51.16
2025-07-03,SO-702948,Apparel,Marketplace,1,59.76
2025-07-03,SO-702949,Outdoor,Web,2,105.72
2025-07-03,SO-702950,Apparel,Marketplace,3,125.16
2025-07-03,SO-702951,Apparel,Web,3,278.94
2025-07-03,SO-702952,Home,Retail,5,215.8
2025-07-03,SO-702953,Electronics,Retail,-4,-397.24
2025-07-03,SO-702954,Apparel,Marketplace,5,51.4
2025-07-04,SO-702955,Apparel,Web,2,105.52
2025-07-04,SO-702956,Home,Retail,1,79.74
2025-07-04,SO-702957,Electronics,Marketplace,4,672.6
2025-07-04,SO-702958,Electronics,Web,3,51.27
2025-07-04,SO-702959,Apparel,Retail,5,829.55
2025-07-04,SO-702960,Outdoor,Marketplace,2,278.34
2025-07-04,SO-702961,Apparel,Web,-5,-148.2
2025-07-04,SO-702962,Outdoor,Web,-5,-458.2
2025-07-05,SO-702963,Apparel,Marketplace,2,95.5
2025-07-05,SO-702964,Apparel,Web,-5,-392.6
2025-07-05,SO-702965,Home,Retail,2,99.6
2025-07-05,SO-702966,Apparel,Web,1,64.23
2025-07-05,SO-702967,Apparel,Web,3,71.22
2025-07-06,SO-702968,Home,Retail,-4,-343.56
2025-07-06,SO-702969,Home,Web,4,220.92
2025-07-06,SO-702970,Apparel,Web,1,128.93
2025-07-06,SO-702971,Home,Retail,3,166.32
2025-07-06,SO-702972,Electronics,Marketplace,3,120.42
2025-07-06,SO-702973,Outdoor,Retail,5,463.45
2025-07-06,SO-702974,Home,Retail,1,32.86
2025-07-06,SO-702975,Apparel,Marketplace,1,61.06
2025-07-07,SO-702976,Home,Marketplace,2,58.48
2025-07-07,SO-702977,Outdoor,Marketplace,5,620.05
2025-07-07,SO-702978,Electronics,Web,2,217.28
2025-07-07,SO-702979,Home,Marketplace,1,26.09
2025-07-07,SO-702980,Home,Marketplace,3,496.95
2025-07-07,SO-702981,Apparel,Marketplace,2,158.78
2025-07-07,SO-702982,Home,Web,3,95.52
2025-07-08,SO-702983,Home,Retail,1,45.81
2025-07-08,SO-702984,Outdoor,Marketplace,3,117.93
2025-07-08,SO-702985,Home,Web,-3,-153.72
2025-07-08,SO-702986,Home,Marketplace,1,62.7
2025-07-08,SO-702987,Apparel,Web,2,149.72
2025-07-08,SO-702988,Electronics,Web,5,353.8
2025-07-08,SO-702989,Electronics,Web,4,294.28
2025-07-08,SO-702990,Apparel,Marketplace,2,81.34
2025-07-09,SO-702991,Electronics,Web,3,389.82
2025-07-09,SO-702992,Electronics,Web,5,26.4
2025-07-09,SO-702993,Outdoor,Marketplace,2,61.68
2025-07-09,SO-702994,Electronics,Web,-4,-70.24
2025-07-09,SO-702995,Outdoor,Marketplace,4,121.36
2025-07-10,SO-702996,Outdoor,Marketplace,4,412.28
2025-07-10,SO-702997,Apparel,Web,1,66.72
2025-07-10,SO-702998,Electronics,Web,5,285.85
2025-07-10,SO-702999,Apparel,Web,-1,-56.22
2025-07-10,SO-703000,Apparel,Retail,3,371.61
2025-07-10,SO-703001,Apparel,Retail,5,194.7
2025-07-10,SO-703002,Apparel,Retail,3,135.96
2025-07-10,SO-703003,Apparel,Marketplace,5,361.9
2025-07-10,SO-703004,Outdoor,Marketplace,5,275.45
2025-07-10,SO-703005,Apparel,Web,5,375.75
2025-07-10,SO-703006,Electronics,Marketplace,4,125.8
2025-07-11,SO-703007,Home,Web,5,174.9
2025-07-11,SO-703008,Electronics,Marketplace,4,606.88
2025-07-11,SO-703009,Home,Web,-1,-21.73
2025-07-11,SO-703010,Apparel,Web,1,38.42
2025-07-11,SO-703011,Apparel,Marketplace,-4,-513.0
2025-07-11,SO-703012,Apparel,Web,-1,-103.96
2025-07-11,SO-703013,Apparel,Web,4,230.84
2025-07-11,SO-703014,Apparel,Retail,1,57.61
2025-07-11,SO-703015,Apparel,Web,1,68.78
2025-07-12,SO-703016,Home,Retail,1,65.64
2025-07-12,SO-703017,Outdoor,Web,2,81.52
2025-07-12,SO-703018,Apparel,Web,3,109.11
2025-07-12,SO-703019,Home,Marketplace,-2,-191.32
2025-07-12,SO-703020,Home,Retail,4,210.16
2025-07-12,SO-703021,Electronics,Web,5,116.2
2025-07-12,SO-703022,Apparel,Marketplace,5,503.5
2025-07-13,SO-703023,Outdoor,Marketplace,5,356.65
2025-07-13,SO-703024,Electronics,Web,1,54.46
2025-07-13,SO-703025,Electronics,Web,1,81.42
2025-07-13,SO-703026,Apparel,Web,5,390.95
2025-07-13,SO-703027,Electronics,Web,1,36.9
2025-07-13,SO-703028,Outdoor,Marketplace,3,194.85
2025-07-13,SO-703029,Electronics,Web,1,70.35
2025-07-13,SO-703030,Electronics,Web,2,54.44
2025-07-13,SO-703031,Electronics,Web,1,47.21
2025-07-14,SO-703032,Apparel,Web,5,315.05
2025-07-14,SO-703033,Apparel,Web,2,120.7
2025-07-14,SO-703034,Outdoor,Marketplace,3,256.71
2025-07-14,SO-703035,Outdoor,Web,4,184.08
2025-07-14,SO-703036,Apparel,Web,1,65.04
2025-07-14,SO-703037,Electronics,Marketplace,5,448.65
2025-07-14,SO-703038,Outdoor,Marketplace,5,90.15
2025-07-14,SO-703039,Home,Web,2,192.82
2025-07-14,SO-703040,Apparel,Web,1,86.66
2025-07-14,SO-703041,Outdoor,Retail,2,206.38
2025-07-15,SO-703042,Outdoor,Marketplace,4,157.76
2025-07-15,SO-703043,Outdoor,Web,5,275.1
2025-07-15,SO-703044,Apparel,Web,5,254.4
2025-07-16,SO-703045,Home,Marketplace,1,130.61
2025-07-16,SO-703046,Apparel,Retail,5,229.65
2025-07-16,SO-703047,Outdoor,Web,3,57.18
2025-07-16,SO-703048,Apparel,Marketplace,1,20.33
2025-07-16,SO-703049,Outdoor,Web,5,320.75
2025-07-16,SO-703050,Electronics,Web,5,186.65
2025-07-16,SO-703051,Home,Web,3,351.48
2025-07-16,SO-703052,Electronics,Retail,2,170.22
2025-07-16,SO-703053,Electronics,Web,3,77.01
2025-07-16,SO-703054,Apparel,Web,1,40.73
2025-07-16,SO-703055,Home,Web,4,546.44
2025-07-17,SO-703056,Outdoor,Web,5,249.75
2025-07-17,SO-703057,Outdoor,Web,5,548.2
2025-07-17,SO-703058,Apparel,Web,3,281.31
2025-07-17,SO-703059,Apparel,Retail,2,225.5
2025-07-17,SO-703060,Outdoor,Web,5,279.45
2025-07-17,SO-703061,Apparel,Web,4,125.12
2025-07-17,SO-703062,Home,Web,3,458.61
2025-07-17,SO-703063,Outdoor,Web,-3,-109.17
2025-07-17,SO-703064,Apparel,Retail,5,440.75
2025-07-17,SO-703065,Home,Marketplace,5,436.85
2025-07-18,SO-703066,Home,Retail,4,477.44
2025-07-18,SO-703067,Outdoor,Retail,5,239.85
2025-07-18,SO-703068,Home,Web,1,63.21
2025-07-18,SO-703069,Home,Web,4,346.0
2025-07-18,SO-703070,Outdoor,Retail,3,269.76
2025-07-19,SO-703071,Apparel,Retail,2,48.32
2025-07-19,SO-703072,Apparel,Retail,5,502.1
2025-07-19,SO-703073,Outdoor,Web,5,193.35
2025-07-19,SO-703074,Electronics,Retail,1,11.04
2025-07-20,SO-703075,Apparel,Web,4,168.96
2025-07-20,SO-703076,Electronics,Web,3,163.17
2025-07-20,SO-703077,Apparel,Web,2,119.34
2025-07-20,SO-703078,Home,Web,-5,-155.6
2025-07-20,SO-703079,Home,Marketplace,4,318.92
2025-07-20,SO-703080,Outdoor,Web,1,33.09
2025-07-21,SO-703081,Electronics,Web,2,30.26
2025-07-21,SO-703082,Apparel,Web,1,105.24
2025-07-21,SO-703083,Apparel,Web,4,298.52
2025-07-21,SO-703084,Electronics,Web,1,109.44
2025-07-21,SO-703085,Electronics,Retail,1,40.49
2025-07-21,SO-703086,Home,Web,2,128.62
2025-07-22,SO-703087,Home,Web,5,239.05
2025-07-22,SO-703088,Apparel,Web,5,559.15
2025-07-22,SO-703089,Apparel,Web,5,182.2
2025-07-22,SO-703090,Electronics,Web,1,40.12
2025-07-22,SO-703091,Apparel,Web,5,224.8
2025-07-22,SO-703092,Electronics,Retail,5,411.4
2025-07-22,SO-703093,Apparel,Web,4,206.76
2025-07-22,SO-703094,Outdoor,Web,1,170.19
2025-07-22,SO-703095,Apparel,Web,2,57.2
2025-07-22,SO-703096,Apparel,Marketplace,5,422.95
2025-07-22,SO-703097,Apparel,Retail,3,75.15
2025-07-22,SO-703098,Apparel,Web,1,103.36
2025-07-23,SO-703099,Outdoor,Web,-3,-103.8
2025-07-23,SO-703100,Electronics,Web,5,600.05
2025-07-23,SO-703101,Home,Marketplace,5,149.45
2025-07-23,SO-703102,Apparel,Web,4,260.4
2025-07-23,SO-703103,Electronics,Web,1,24.83
2025-07-23,SO-703104,Apparel,Web,1,65.47
2025-07-23,SO-703105,Outdoor,Web,4,301.88
2025-07-23,SO-703106,Electronics,Marketplace,4,586.0
2025-07-24,SO-703107,Outdoor,Marketplace,5,118.55
2025-07-24,SO-703108,Outdoor,Web,1,51.46
2025-07-24,SO-703109,Home,Web,4,319.32
2025-07-24,SO-703110,Electronics,Web,3,211.92
2025-07-24,SO-703111,Apparel,Web,4,225.16
2025-07-24,SO-703112,Outdoor,Web,4,598.08
2025-07-24,SO-703113,Apparel,Marketplace,1,69.65
2025-07-24,SO-703114,Apparel,Marketplace,3,112.05
2025-07-24,SO-703115,Apparel,Web,4,303.08
2025-07-25,SO-703116,Apparel,Web,-1,-123.66
2025-07-25,SO-703117,Outdoor,Web,2,179.68
2025-07-25,SO-703118,Home,Web,1,116.77
2025-07-25,SO-703119,Apparel,Marketplace,-1,-34.99
2025-07-25,SO-703120,Electronics,Web,1,11.05
2025-07-25,SO-703121,Home,Web,5,377.5
2025-07-25,SO-703122,Apparel,Retail,4,423.52
2025-07-25,SO-703123,Apparel,Retail,3,145.89
2025-07-25,SO-703124,Apparel,Retail,5,741.95
2025-07-25,SO-703125,Outdoor,Retail,1,30.62
2025-07-25,SO-703126,Electronics,Retail,2,368.2
2025-07-25,SO-703127,Apparel,Web,1,74.41
2025-07-25,SO-703128,Home,Web,3,106.35
2025-07-26,SO-703129,Outdoor,Web,4,250.24
2025-07-26,SO-703130,Apparel,Retail,1,51.48
2025-07-26,SO-703131,Apparel,Marketplace,3,85.8
2025-07-26,SO-703132,Home,Retail,5,452.65
2025-07-27,SO-703133,Electronics,Web,2,60.22
2025-07-27,SO-703134,Outdoor,Web,2,70.84
2025-07-27,SO-703135,Outdoor,Web,2,256.98
2025-07-27,SO-703136,Home,Marketplace,4,638.92
2025-07-27,SO-703137,Apparel,Web,1,61.58
2025-07-27,SO-703138,Electronics,Retail,4,362.0
2025-07-27,SO-703139,Apparel,Marketplace,2,78.04
2025-07-27,SO-703140,Outdoor,Web,2,60.56
2025-07-27,SO-703141,Electronics,Marketplace,4,156.48
2025-07-27,SO-703142,Electronics,Web,3,162.48
2025-07-27,SO-703143,Home,Marketplace,1,36.96
2025-07-27,SO-703144,Electronics,Web,3,228.84
2025-07-27,SO-703145,Home,Web,1,47.41
2025-07-27,SO-703146,Home,Web,1,85.24
2025-07-28,SO-703147,Electronics,Marketplace,4,357.92
2025-07-28,SO-703148,Home,Web,-2,-181.32
2025-07-28,SO-703149,Apparel,Marketplace,4,473.04
2025-07-28,SO-703150,Electronics,Web,5,715.8
2025-07-28,SO-703151,Apparel,Marketplace,3,374.67
2025-07-28,SO-703152,Apparel,Web,1,72.75
2025-07-28,SO-703153,Home,Retail,3,297.33
2025-07-28,SO-703154,Home,Marketplace,2,91.1
2025-07-29,SO-703155,Home,Web,3,157.41
2025-07-29,SO-703156,Home,Retail,2,261.86
2025-07-29,SO-703157,Home,Web,3,87.36
2025-07-29,SO-703158,Home,Retail,2,203.5
2025-07-29,SO-703159,Home,Web,2,98.5
2025-07-29,SO-703160,Outdoor,Web,3,141.96
2025-07-29,SO-703161,Home,Web,5,401.65
2025-07-30,SO-703162,Electronics,Web,1,82.06
2025-07-30,SO-703163,Electronics,Marketplace,1,184.65
2025-07-30,SO-703164,Electronics,Marketplace,5,998.3
2025-07-30,SO-703165,Outdoor,Web,2,124.02
2025-07-30,SO-703166,Apparel,Web,4,94.84
2025-07-30,SO-703167,Outdoor,Retail,3,108.9
2025-07-30,SO-703168,Apparel,Web,5,335.7
2025-07-30,SO-703169,Outdoor,Marketplace,4,263.64
2025-07-30,SO-703170,Electronics,Retail,2,86.32
2025-07-30,SO-703171,Home,Web,3,220.74
2025-07-30,SO-703172,Electronics,Retail,3,122.4
2025-07-31,SO-703173,Electronics,Marketplace,4,397.92
2025-07-31,SO-703174,Outdoor,Web,2,64.34
2025-07-31,SO-703175,Electronics,Web,5,125.2
2025-07-31,SO-703176,Apparel,Web,-2,-142.5
2025-07-31,SO-703177,Home,Web,4,411.2
2025-08-01,SO-703178,Apparel,Web,5,466.15
2025-08-01,SO-703179,Home,Web,3,314.34
2025-08-01,SO-703180,Home,Web,2,56.16
2025-08-01,SO-703181,Outdoor,Web,4,392.64
2025-08-01,SO-703182,Home,Retail,2,21.12
2025-08-01,SO-703183,Outdoor,Marketplace,5,416.05
2025-08-01,SO-703184,Apparel,Web,1,43.0
2025-08-01,SO-703185,Electronics,Web,3,108.72
2025-08-02,SO-703186,Electronics,Web,1,68.3
2025-08-02,SO-703187,Apparel,Marketplace,1,129.42
2025-08-02,SO-703188,Apparel,Marketplace,4,95.92
2025-08-02,SO-703189,Apparel,Web,4,211.04
2025-08-02,SO-703190,Electronics,Web,5,357.9
2025-08-02,SO-703191,Apparel,Web,-1,-60.43
2025-08-02,SO-703192,Home,Marketplace,3,305.16
2025-08-02,SO-703193,Electronics,Web,-4,-208.52
2025-08-03,SO-703194,Apparel,Web,4,284.12
2025-08-03,SO-703195,Electronics,Retail,-4,-79.92
2025-08-03,SO-703196,Home,Web,4,279.92
2025-08-03,SO-703197,Apparel,Retail,3,177.9
2025-08-03,SO-703198,Electronics,Marketplace,1,86.78
2025-08-03,SO-703199,Electronics,Retail,2,230.74
2025-08-03,SO-703200,Electronics,Web,4,192.56
2025-08-04,SO-703201,Apparel,Web,3,229.11
2025-08-04,SO-703202,Home,Web,1,115.76
2025-08-04,SO-703203,Apparel,Web,3,213.27
2025-08-05,SO-703204,Apparel,Marketplace,2,74.0
2025-08-05,SO-703205,Apparel,Web,2,72.96
2025-08-05,SO-703206,Apparel,Web,1,60.14
2025-08-05,SO-703207,Apparel,Marketplace,5,770.75
2025-08-05,SO-703208,Apparel,Marketplace,-1,-42.39
2025-08-06,SO-703209,Apparel,Web,4,21.04
2025-08-06,SO-703210,Electronics,Marketplace,5,344.0
2025-08-06,SO-703211,Home,Web,4,183.04
2025-08-06,SO-703212,Outdoor,Marketplace,2,124.24
2025-08-06,SO-703213,Apparel,Web,1,14.99
2025-08-06,SO-703214,Home,Web,2,69.4
2025-08-07,SO-703215,Home,Marketplace,1,92.42
2025-08-07,SO-703216,Home,Marketplace,4,369.08
2025-08-07,SO-703217,Apparel,Web,3,200.61
2025-08-07,SO-703218,Home,Web,4,441.28
2025-08-07,SO-703219,Apparel,Marketplace,5,555.85
2025-08-07,SO-703220,Home,Web,4,344.12
2025-08-07,SO-703221,Home,Web,5,46.2
2025-08-07,SO-703222,Electronics,Marketplace,4,266.6
2025-08-08,SO-703223,Electronics,Marketplace,-3,-247.62
2025-08-08,SO-703224,Apparel,Marketplace,2,91.32
2025-08-08,SO-703225,Electronics,Marketplace,3,450.99
2025-08-08,SO-703226,Electronics,Marketplace,1,63.3
2025-08-08,SO-703227,Outdoor,Web,-1,-115.84
2025-08-08,SO-703228,Electronics,Web,4,295.12
2025-08-08,SO-703229,Electronics,Marketplace,4,94.36
2025-08-09,SO-703230,Outdoor,Marketplace,5,790.9
2025-08-09,SO-703231,Home,Web,2,52.96
2025-08-09,SO-703232,Outdoor,Web,2,123.22
2025-08-09,SO-703233,Apparel,Marketplace,5,131.4
2025-08-09,SO-703234,Outdoor,Web,5,204.85
2025-08-09,SO-703235,Outdoor,Web,1,83.15
2025-08-09,SO-703236,Apparel,Retail,2,222.48
2025-08-09,SO-703237,Home,Web,1,51.83
2025-08-09,SO-703238,Electronics,Web,4,143.88
2025-08-09,SO-703239,Apparel,Retail,5,408.25
2025-08-10,SO-703240,Electronics,Web,3,176.4
2025-08-10,SO-703241,Electronics,Web,5,422.8
2025-08-10,SO-703242,Outdoor,Web,5,345.6
2025-08-10,SO-703243,Electronics,Web,4,193.16
2025-08-10,SO-703244,Home,Web,-2,-168.34
2025-08-10,SO-703245,Apparel,Marketplace,4,81.4
2025-08-10,SO-703246,Electronics,Web,1,113.03
2025-08-10,SO-703247,Apparel,Web,4,276.68
2025-08-11,SO-703248,Apparel,Retail,-2,-94.8
2025-08-11,SO-703249,Home,Web,3,101.22
2025-08-11,SO-703250,Electronics,Marketplace,5,812.0
2025-08-11,SO-703251,Outdoor,Web,4,474.44
2025-08-11,SO-703252,Apparel,Web,1,55.2
2025-08-11,SO-703253,Home,Web,5,47.1
2025-08-11,SO-703254,Outdoor,Web,3,46.83
2025-08-11,SO-703255,Home,Retail,4,388.0
2025-08-12,SO-703256,Outdoor,Marketplace,3,387.87
2025-08-12,SO-703257,Electronics,Web,1,45.89
2025-08-12,SO-703258,Apparel,Retail,4,365.76
2025-08-12,SO-703259,Apparel,Marketplace,-1,-50.09
2025-08-12,SO-703260,Home,Marketplace,4,438.2
2025-08-12,SO-703261,Electronics,Retail,2,72.44
2025-08-13,SO-703262,Apparel,Web,4,321.04
2025-08-13,SO-703263,Apparel,Web,3,224.7
2025-08-13,SO-703264,Electronics,Web,5,682.55
2025-08-13,SO-703265,Apparel,Web,5,200.85
2025-08-13,SO-703266,Apparel,Marketplace,4,429.4
2025-08-13,SO-703267,Electronics,Retail,5,412.2
2025-08-13,SO-703268,Home,Marketplace,4,237.12
2025-08-13,SO-703269,Electronics,Web,4,213.08
2025-08-13,SO-703270,Electronics,Web,2,150.74
2025-08-13,SO-703271,Apparel,Marketplace,5,362.7
2025-08-13,SO-703272,Electronics,Web,4,276.08
2025-08-14,SO-703273,Apparel,Web,-5,-154.9
2025-08-14,SO-703274,Electronics,Web,2,155.54
2025-08-14,SO-703275,Outdoor,Web,1,200.29
2025-08-14,SO-703276,Electronics,Retail,3,212.76
2025-08-14,SO-703277,Electronics,Marketplace,1,43.65
2025-08-15,SO-703278,Home,Marketplace,4,264.24
2025-08-15,SO-703279,Apparel,Web,1,69.87
2025-08-15,SO-703280,Apparel,Marketplace,1,81.18
2025-08-15,SO-703281,Apparel,Web,2,51.7
2025-08-15,SO-703282,Apparel,Web,1,74.08
2025-08-15,SO-703283,Home,Web,2,262.16
2025-08-15,SO-703284,Electronics,Web,5,462.6
2025-08-15,SO-703285,Electronics,Marketplace,3,232.17
2025-08-15,SO-703286,Home,Web,1,48.19
2025-08-15,SO-703287,Electronics,Retail,3,191.76
2025-08-16,SO-703288,Electronics,Web,5,226.7
2025-08-16,SO-703289,Outdoor,Web,1,75.9
2025-08-16,SO-703290,Home,Marketplace,4,212.2
2025-08-16,SO-703291,Home,Web,-4,-484.92
2025-08-16,SO-703292,Electronics,Marketplace,5,124.95
2025-08-16,SO-703293,Home,Web,2,262.24
2025-08-16,SO-703294,Home,Marketplace,1,86.92
2025-08-16,SO-703295,Apparel,Web,2,273.96
2025-08-16,SO-703296,Electronics,Web,5,478.5
2025-08-16,SO-703297,Electronics,Retail,3,62.67
2025-08-16,SO-703298,Apparel,Web,4,262.72
2025-08-16,SO-703299,Electronics,Web,3,134.79
2025-08-16,SO-703300,Apparel,Marketplace,4,252.28
2025-08-17,SO-703301,Apparel,Web,5,278.65
2025-08-17,SO-703302,Home,Web,2,145.32
2025-08-17,SO-703303,Home,Web,5,125.7
2025-08-17,SO-703304,Outdoor,Marketplace,3,243.45
2025-08-17,SO-703305,Electronics,Marketplace,1,91.31
2025-08-17,SO-703306,Home,Web,1,80.34
2025-08-17,SO-703307,Apparel,Marketplace,3,53.16
2025-08-17,SO-703308,Apparel,Web,1,25.27
2025-08-17,SO-703309,Apparel,Marketplace,2,43.34
2025-08-17,SO-703310,Electronics,Marketplace,5,523.85
2025-08-17,SO-703311,Home,Marketplace,4,298.6
2025-08-18,SO-703312,Home,Marketplace,-3,-222.15
2025-08-18,SO-703313,Home,Retail,4,309.8
2025-08-18,SO-703314,Electronics,Web,2,44.86
2025-08-18,SO-703315,Electronics,Retail,2,125.7
2025-08-18,SO-703316,Apparel,Marketplace,3,402.3
2025-08-18,SO-703317,Electronics,Web,4,322.88
2025-08-18,SO-703318,Apparel,Web,1,53.44
2025-08-19,SO-703319,Apparel,Web,3,192.3
2025-08-19,SO-703320,Electronics,Web,2,126.98
2025-08-19,SO-703321,Apparel,Marketplace,1,70.41
2025-08-19,SO-703322,Home,Web,4,246.68
2025-08-19,SO-703323,Apparel,Marketplace,-2,-215.44
2025-08-19,SO-703324,Home,Web,1,23.42
2025-08-19,SO-703325,Apparel,Web,4,164.0
2025-08-19,SO-703326,Apparel,Web,4,543.72
2025-08-20,SO-703327,Electronics,Marketplace,4,825.32
2025-08-21,SO-703328,Apparel,Web,3,157.05
2025-08-21,SO-703329,Electronics,Web,5,590.5
2025-08-21,SO-703330,Electronics,Retail,-2,-161.54
2025-08-21,SO-703331,Home,Marketplace,2,179.76
2025-08-21,SO-703332,Outdoor,Web,2,59.92
2025-08-21,SO-703333,Outdoor,Retail,4,365.8
2025-08-21,SO-703334,Home,Web,1,54.31
2025-08-21,SO-703335,Outdoor,Retail,5,380.95
2025-08-21,SO-703336,Apparel,Web,2,100.06
2025-08-21,SO-703337,Home,Marketplace,5,93.95
2025-08-21,SO-703338,Apparel,Marketplace,5,188.3
2025-08-21,SO-703339,Home,Marketplace,3,130.95
2025-08-22,SO-703340,Home,Marketplace,5,540.45
2025-08-22,SO-703341,Apparel,Marketplace,5,428.05
2025-08-22,SO-703342,Electronics,Web,4,213.92
2025-08-22,SO-703343,Home,Web,5,915.3
2025-08-22,SO-703344,Apparel,Web,-2,-221.8
2025-08-23,SO-703345,Apparel,Web,4,430.56
2025-08-23,SO-703346,Outdoor,Marketplace,3,125.19
2025-08-23,SO-703347,Apparel,Marketplace,2,201.64
2025-08-23,SO-703348,Electronics,Web,4,132.16
2025-08-23,SO-703349,Home,Web,3,239.61
2025-08-23,SO-703350,Apparel,Retail,1,51.89
2025-08-23,SO-703351,Apparel,Retail,4,77.48
2025-08-24,SO-703352,Home,Retail,1,72.85
2025-08-24,SO-703353,Electronics,Web,2,84.42
2025-08-24,SO-703354,Apparel,Retail,5,394.45
2025-08-24,SO-703355,Home,Marketplace,-1,-63.47
2025-08-24,SO-703356,Apparel,Marketplace,5,998.75
2025-08-24,SO-703357,Electronics,Web,3,81.42
2025-08-24,SO-703358,Home,Retail,4,103.08
2025-08-25,SO-703359,Home,Web,2,75.5
2025-08-25,SO-703360,Home,Web,5,123.95
2025-08-25,SO-703361,Electronics,Marketplace,4,59.88
2025-08-25,SO-703362,Electronics,Web,3,113.43
2025-08-25,SO-703363,Electronics,Web,4,170.56
2025-08-25,SO-703364,Apparel,Web,4,230.08
2025-08-25,SO-703365,Home,Web,3,171.63
2025-08-25,SO-703366,Apparel,Retail,4,665.44
2025-08-25,SO-703367,Home,Retail,3,236.55
2025-08-26,SO-703368,Electronics,Web,3,78.78
2025-08-26,SO-703369,Home,Marketplace,1,69.07
2025-08-26,SO-703370,Electronics,Web,4,57.48
2025-08-26,SO-703371,Home,Web,1,114.71
2025-08-26,SO-703372,Apparel,Web,5,156.3
2025-08-26,SO-703373,Electronics,Marketplace,3,256.98
2025-08-26,SO-703374,Electronics,Retail,3,287.82
2025-08-26,SO-703375,Apparel,Retail,1,138.13
2025-08-26,SO-703376,Apparel,Web,1,86.06
2025-08-26,SO-703377,Home,Marketplace,5,263.05
2025-08-26,SO-703378,Apparel,Marketplace,4,13.92
2025-08-27,SO-703379,Apparel,Retail,3,83.43
2025-08-27,SO-703380,Outdoor,Web,5,495.9
2025-08-27,SO-703381,Electronics,Marketplace,4,239.16
2025-08-27,SO-703382,Outdoor,Web,5,246.05
2025-08-27,SO-703383,Home,Retail,1,98.37
2025-08-27,SO-703384,Apparel,Marketplace,3,420.36
2025-08-27,SO-703385,Home,Marketplace,5,379.9
2025-08-27,SO-703386,Electronics,Web,5,77.45
2025-08-27,SO-703387,Home,Marketplace,1,25.54
2025-08-28,SO-703388,Electronics,Web,-3,-93.33
2025-08-28,SO-703389,Home,Retail,5,1253.55
2025-08-28,SO-703390,Electronics,Web,2,101.56
2025-08-28,SO-703391,Outdoor,Marketplace,5,429.3
2025-08-28,SO-703392,Home,Marketplace,4,124.4
2025-08-28,SO-703393,Electronics,Web,5,327.25
2025-08-29,SO-703394,Home,Web,4,87.6
2025-08-29,SO-703395,Electronics,Web,5,302.0
2025-08-29,SO-703396,Apparel,Marketplace,3,451.53
2025-08-29,SO-703397,Home,Web,2,196.56
2025-08-29,SO-703398,Home,Retail,3,139.26
2025-08-30,SO-703399,Apparel,Marketplace,1,63.37
2025-08-30,SO-703400,Apparel,Web,4,513.48
2025-08-30,SO-703401,Home,Marketplace,5,381.9
2025-08-30,SO-703402,Electronics,Marketplace,3,92.19
2025-08-30,SO-703403,Apparel,Retail,1,40.53
2025-08-30,SO-703404,Electronics,Web,5,583.1
2025-08-30,SO-703405,Home,Web,-4,-244.44
2025-08-30,SO-703406,Apparel,Web,4,178.56
2025-08-30,SO-703407,Outdoor,Web,4,428.56
2025-08-30,SO-703408,Home,Marketplace,3,65.94
2025-08-31,SO-703409,Home,Web,5,181.6
2025-08-31,SO-703410,Apparel,Marketplace,4,139.08
2025-08-31,SO-703411,Home,Web,3,184.23
2025-08-31,SO-703412,Apparel,Web,5,331.35
2025-08-31,SO-703413,Apparel,Marketplace,4,276.8
2025-08-31,SO-703414,Electronics,Marketplace,2,204.92
2025-08-31,SO-703415,Home,Web,3,211.26
2025-08-31,SO-703416,Electronics,Web,4,488.2
2025-08-31,SO-703417,Electronics,Web,2,210.54
2025-08-31,SO-703418,Electronics,Web,1,109.7
2025-08-31,SO-703419,Electronics,Marketplace,5,508.1
2025-08-31,SO-703420,Apparel,Web,5,168.0
2025-08-31,SO-703421,Apparel,Web,1,72.73
2025-09-01,SO-703422,Home,Marketplace,2,176.7
2025-09-01,SO-703423,Apparel,Marketplace,2,69.74
2025-09-01,SO-703424,Apparel,Web,1,88.7
2025-09-01,SO-703425,Home,Web,2,89.82
2025-09-02,SO-703426,Home,Marketplace,3,296.73
2025-09-02,SO-703427,Electronics,Web,3,109.65
2025-09-02,SO-703428,Apparel,Web,4,140.72
2025-09-02,SO-703429,Apparel,Web,4,286.84
2025-09-02,SO-703430,Apparel,Retail,4,626.8
2025-09-02,SO-703431,Outdoor,Web,1,93.1
2025-09-02,SO-703432,Electronics,Web,1,86.74
2025-09-02,SO-703433,Apparel,Marketplace,3,310.98
2025-09-03,SO-703434,Apparel,Web,2,129.82
2025-09-03,SO-703435,Apparel,Web,5,230.65
2025-09-03,SO-703436,Electronics,Retail,5,85.85
2025-09-03,SO-703437,Outdoor,Marketplace,3,437.43
2025-09-03,SO-703438,Apparel,Web,5,267.0
2025-09-04,SO-703439,Electronics,Web,1,57.98
2025-09-04,SO-703440,Apparel,Marketplace,1,84.11
2025-09-04,SO-703441,Apparel,Marketplace,4,246.68
2025-09-04,SO-703442,Outdoor,Retail,5,296.7
2025-09-04,SO-703443,Apparel,Marketplace,5,667.75
2025-09-04,SO-703444,Electronics,Web,5,186.35
2025-09-04,SO-703445,Home,Web,3,28.68
2025-09-05,SO-703446,Home,Web,4,691.44
2025-09-05,SO-703447,Outdoor,Web,2,205.48
2025-09-05,SO-703448,Electronics,Web,2,165.46
2025-09-05,SO-703449,Outdoor,Web,5,424.75
2025-09-05,SO-703450,Outdoor,Marketplace,5,159.6
2025-09-05,SO-703451,Electronics,Web,5,669.3
2025-09-06,SO-703452,Electronics,Marketplace,4,758.48
2025-09-06,SO-703453,Home,Web,4,310.96
2025-09-06,SO-703454,Outdoor,Retail,1,103.19
2025-09-06,SO-703455,Apparel,Web,2,130.84
2025-09-06,SO-703456,Electronics,Marketplace,3,70.41
2025-09-06,SO-703457,Outdoor,Web,1,63.06
2025-09-06,SO-703458,Home,Web,4,84.2
2025-09-06,SO-703459,Apparel,Web,3,99.24
2025-09-07,SO-703460,Electronics,Web,3,217.05
2025-09-07,SO-703461,Outdoor,Web,4,109.28
2025-09-07,SO-703462,Outdoor,Retail,2,85.68
2025-09-07,SO-703463,Apparel,Marketplace,-5,-1010.55
2025-09-07,SO-703464,Outdoor,Web,1,52.87
2025-09-07,SO-703465,Home,Web,3,97.17
2025-09-07,SO-703466,Apparel,Web,3,129.87
2025-09-07,SO-703467,Home,Web,3,79.56
2025-09-07,SO-703468,Apparel,Web,3,403.89
2025-09-07,SO-703469,Apparel,Web,5,316.5
2025-09-07,SO-703470,Electronics,Web,2,134.76
2025-09-07,SO-703471,Outdoor,Web,4,152.04
2025-09-08,SO-703472,Apparel,Web,3,24.0
2025-09-08,SO-703473,Home,Marketplace,4,374.68
2025-09-08,SO-703474,Home,Web,4,285.08
2025-09-08,SO-703475,Outdoor,Retail,3,154.92
2025-09-08,SO-703476,Apparel,Web,-4,-226.56
2025-09-08,SO-703477,Home,Web,1,88.35
2025-09-08,SO-703478,Outdoor,Web,4,348.4
2025-09-08,SO-703479,Outdoor,Web,3,240.06
2025-09-08,SO-703480,Apparel,Marketplace,1,82.5
2025-09-08,SO-703481,Electronics,Marketplace,1,87.32
2025-09-09,SO-703482,Apparel,Web,2,276.86
2025-09-09,SO-703483,Outdoor,Web,1,37.31
2025-09-09,SO-703484,Electronics,Retail,3,271.83
2025-09-09,SO-703485,Home,Web,3,220.59
2025-09-10,SO-703486,Apparel,Retail,1,22.43
2025-09-10,SO-703487,Electronics,Retail,-5,-300.85
2025-09-10,SO-703488,Electronics,Web,4,220.92
2025-09-10,SO-703489,Outdoor,Marketplace,3,137.28
2025-09-10,SO-703490,Apparel,Web,4,514.04
2025-09-10,SO-703491,Home,Web,5,555.05
2025-09-10,SO-703492,Electronics,Web,1,42.24
2025-09-10,SO-703493,Electronics,Web,5,528.85
2025-09-11,SO-703494,Electronics,Web,5,434.6
2025-09-11,SO-703495,Apparel,Marketplace,3,277.56
2025-09-11,SO-703496,Home,Retail,1,27.58
2025-09-11,SO-703497,Outdoor,Web,2,241.42
2025-09-11,SO-703498,Electronics,Web,3,204.15
2025-09-11,SO-703499,Apparel,Marketplace,4,227.12
2025-09-11,SO-703500,Home,Marketplace,3,66.72
2025-09-11,SO-703501,Outdoor,Web,1,87.84
2025-09-11,SO-703502,Apparel,Web,4,62.04
2025-09-11,SO-703503,Apparel,Web,-4,-163.04
2025-09-12,SO-703504,Outdoor,Web,1,49.73
2025-09-12,SO-703505,Apparel,Web,2,22.88
2025-09-12,SO-703506,Home,Marketplace,2,130.94
2025-09-12,SO-703507,Electronics,Retail,5,443.5
2025-09-12,SO-703508,Home,Web,4,158.56
2025-09-12,SO-703509,Apparel,Marketplace,3,262.98
2025-09-12,SO-703510,Home,Marketplace,1,48.06
2025-09-13,SO-703511,Apparel,Retail,2,138.74
2025-09-13,SO-703512,Home,Retail,1,89.28
2025-09-13,SO-703513,Home,Web,1,25.52
2025-09-13,SO-703514,Apparel,Web,3,79.71
2025-09-13,SO-703515,Apparel,Web,2,244.58
2025-09-13,SO-703516,Apparel,Web,4,348.64
2025-09-14,SO-703517,Apparel,Web,5,106.75
2025-09-14,SO-703518,Apparel,Web,1,56.1
2025-09-14,SO-703519,Home,Marketplace,5,167.4
2025-09-14,SO-703520,Home,Marketplace,1,31.55
2025-09-14,SO-703521,Electronics,Marketplace,1,53.71
2025-09-14,SO-703522,Home,Retail,3,396.84
2025-09-15,SO-703523,Home,Web,3,269.61
2025-09-15,SO-703524,Apparel,Web,5,475.1
2025-09-15,SO-703525,Electronics,Retail,2,52.1
2025-09-15,SO-703526,Home,Web,4,413.76
2025-09-15,SO-703527,Apparel,Retail,4,205.8
2025-09-15,SO-703528,Home,Web,-1,-31.27
2025-09-15,SO-703529,Electronics,Web,4,194.12
2025-09-16,SO-703530,Apparel,Web,2,146.88
2025-09-16,SO-703531,Apparel,Marketplace,2,66.14
2025-09-16,SO-703532,Outdoor,Web,4,290.64
2025-09-16,SO-703533,Outdoor,Retail,3,364.29
2025-09-16,SO-703534,Home,Marketplace,3,54.27
2025-09-16,SO-703535,Apparel,Web,4,32.64
2025-09-17,SO-703536,Apparel,Web,2,38.04
2025-09-17,SO-703537,Apparel,Marketplace,1,88.48
2025-09-17,SO-703538,Apparel,Marketplace,5,572.45
2025-09-18,SO-703539,Electronics,Marketplace,2,233.3
2025-09-18,SO-703540,Outdoor,Web,-5,-92.1
2025-09-18,SO-703541,Apparel,Web,3,124.71
2025-09-18,SO-703542,Electronics,Web,2,56.56
2025-09-18,SO-703543,Home,Marketplace,1,74.75
2025-09-18,SO-703544,Electronics,Web,1,103.44
2025-09-18,SO-703545,Home,Web,2,195.66
2025-09-18,SO-703546,Home,Marketplace,4,238.32
2025-09-19,SO-703547,Apparel,Web,1,28.16
2025-09-19,SO-703548,Home,Web,4,202.68
2025-09-20,SO-703549,Electronics,Web,2,31.68
2025-09-20,SO-703550,Apparel,Web,1,58.91
2025-09-20,SO-703551,Outdoor,Web,2,201.92
2025-09-20,SO-703552,Home,Web,5,672.0
2025-09-20,SO-703553,Home,Web,-5,-390.15
2025-09-20,SO-703554,Electronics,Web,2,134.9
2025-09-20,SO-703555,Apparel,Web,2,198.7
2025-09-20,SO-703556,Apparel,Web,4,144.64
2025-09-20,SO-703557,Apparel,Marketplace,5,199.0
2025-09-20,SO-703558,Outdoor,Retail,5,813.4
2025-09-21,SO-703559,Outdoor,Marketplace,1,57.4
2025-09-21,SO-703560,Apparel,Marketplace,3,325.89
2025-09-21,SO-703561,Outdoor,Web,3,224.67
2025-09-21,SO-703562,Apparel,Web,1,106.73
2025-09-21,SO-703563,Home,Web,4,427.68
2025-09-21,SO-703564,Apparel,Web,3,74.76
2025-09-21,SO-703565,Apparel,Web,3,85.8
2025-09-21,SO-703566,Apparel,Web,5,43.25
2025-09-22,SO-703567,Apparel,Retail,5,183.2
2025-09-22,SO-703568,Home,Web,1,64.94
2025-09-22,SO-703569,Electronics,Retail,2,78.66
2025-09-22,SO-703570,Apparel,Marketplace,3,253.35
2025-09-22,SO-703571,Apparel,Retail,2,215.3
2025-09-22,SO-703572,Electronics,Web,3,246.75
2025-09-22,SO-703573,Home,Marketplace,1,19.77
2025-09-23,SO-703574,Home,Web,2,506.38
2025-09-23,SO-703575,Outdoor,Web,3,189.03
2025-09-23,SO-703576,Apparel,Web,5,210.5
2025-09-23,SO-703577,Apparel,Marketplace,2,323.78
2025-09-23,SO-703578,Apparel,Marketplace,1,77.73
2025-09-23,SO-703579,Home,Web,5,433.65
2025-09-23,SO-703580,Home,Marketplace,1,84.21
2025-09-23,SO-703581,Apparel,Web,-5,-366.1
2025-09-23,SO-703582,Home,Web,-4,-596.76
2025-09-23,SO-703583,Home,Marketplace,3,68.43
2025-09-24,SO-703584,Home,Web,-2,-107.72
2025-09-24,SO-703585,Electronics,Marketplace,5,392.55
2025-09-24,SO-703586,Outdoor,Web,1,50.51
2025-09-24,SO-703587,Apparel,Web,4,543.96
2025-09-24,SO-703588,Electronics,Retail,1,177.62
2025-09-24,SO-703589,Home,Retail,-4,-275.68
2025-09-24,SO-703590,Home,Marketplace,4,122.88
2025-09-25,SO-703591,Outdoor,Web,4,498.64
2025-09-25,SO-703592,Apparel,Web,3,149.07
2025-09-25,SO-703593,Home,Web,-3,-171.78
2025-09-26,SO-703594,Apparel,Web,5,158.45
2025-09-26,SO-703595,Electronics,Marketplace,2,419.7
2025-09-26,SO-703596,Electronics,Marketplace,2,88.92
2025-09-27,SO-703597,Home,Web,4,145.68
2025-09-27,SO-703598,Apparel,Retail,2,84.98
2025-09-27,SO-703599,Apparel,Web,3,252.36
2025-09-27,SO-703600,Electronics,Web,3,237.99
2025-09-27,SO-703601,Apparel,Retail,5,261.3
2025-09-27,SO-703602,Electronics,Retail,4,216.16
2025-09-27,SO-703603,Home,Web,1,56.15
2025-09-27,SO-703604,Home,Retail,4,106.16
2025-09-27,SO-703605,Home,Web,4,145.76
2025-09-27,SO-703606,Apparel,Retail,1,32.22
2025-09-28,SO-703607,Outdoor,Retail,2,94.2
2025-09-28,SO-703608,Home,Web,3,155.52
2025-09-28,SO-703609,Apparel,Marketplace,5,184.15
2025-09-28,SO-703610,Apparel,Web,3,79.14
2025-09-28,SO-703611,Home,Marketplace,-5,-535.9
2025-09-28,SO-703612,Electronics,Marketplace,2,296.42
2025-09-28,SO-703613,Electronics,Marketplace,3,232.62
2025-09-29,SO-703614,Electronics,Retail,2,241.0
2025-09-29,SO-703615,Apparel,Marketplace,1,103.4
2025-09-29,SO-703616,Apparel,Web,1,66.2
2025-09-30,SO-703617,Apparel,Retail,5,283.6
2025-09-30,SO-703618,Home,Web,4,459.24
2025-09-30,SO-703619,Home,Web,3,180.0
2025-09-30,SO-703620,Home,Web,1,101.68
2025-09-30,SO-703621,Home,Marketplace,-4,-282.56
2025-09-30,SO-703622,Apparel,Web,5,942.95
2025-09-30,SO-703623,Electronics,Web,3,154.05
2025-09-30,SO-703624,Electronics,Retail,4,337.6
2025-09-30,SO-703625,Electronics,Web,5,456.2
2025-09-30,SO-703626,Apparel,Web,3,91.56
2025-09-30,SO-703627,Home,Marketplace,3,377.91
2025-09-30,SO-703628,Home,Web,5,392.45
2025-09-30,SO-703629,Electronics,Web,2,224.18
2025-09-30,SO-703630,Electronics,Marketplace,3,214.2
2025-09-30,SO-703631,Apparel,Web,3,229.65
2025-09-30,SO-703632,Outdoor,Retail,3,247.2
2025-10-01,SO-703633,Electronics,Marketplace,1,40.5
2025-10-01,SO-703634,Apparel,Marketplace,5,97.85
2025-10-01,SO-703635,Home,Web,1,132.36
2025-10-01,SO-703636,Outdoor,Web,3,471.03
2025-10-01,SO-703637,Apparel,Web,4,435.64
2025-10-02,SO-703638,Electronics,Marketplace,5,158.65
2025-10-02,SO-703639,Apparel,Web,1,124.44
2025-10-02,SO-703640,Outdoor,Retail,1,21.27
2025-10-02,SO-703641,Apparel,Web,5,363.45
2025-10-02,SO-703642,Electronics,Web,2,132.76
2025-10-02,SO-703643,Outdoor,Web,1,184.68
2025-10-03,SO-703644,Electronics,Marketplace,1,25.44
2025-10-03,SO-703645,Home,Web,1,56.31
2025-10-03,SO-703646,Home,Retail,5,373.2
2025-10-03,SO-703647,Apparel,Retail,-1,-111.87
2025-10-03,SO-703648,Apparel,Marketplace,3,66.18
2025-10-03,SO-703649,Home,Web,2,151.14
2025-10-03,SO-703650,Apparel,Retail,5,547.95
2025-10-04,SO-703651,Home,Marketplace,1,57.25
2025-10-04,SO-703652,Apparel,Web,1,111.3
2025-10-04,SO-703653,Electronics,Web,2,38.52
2025-10-04,SO-703654,Apparel,Web,4,154.12
2025-10-04,SO-703655,Apparel,Web,3,343.26
2025-10-04,SO-703656,Home,Web,1,135.85
2025-10-04,SO-703657,Apparel,Web,3,137.79
2025-10-04,SO-703658,Apparel,Web,1,34.38
2025-10-04,SO-703659,Electronics,Web,4,390.88
2025-10-05,SO-703660,Home,Web,4,310.64
2025-10-05,SO-703661,Electronics,Web,1,87.93
2025-10-05,SO-703662,Apparel,Marketplace,5,586.95
2025-10-05,SO-703663,Home,Web,4,79.0
2025-10-05,SO-703664,Home,Marketplace,4,89.76
2025-10-05,SO-703665,Electronics,Marketplace,4,467.12
2025-10-06,SO-703666,Outdoor,Marketplace,2,157.42
2025-10-06,SO-703667,Apparel,Retail,4,77.16
2025-10-06,SO-703668,Apparel,Marketplace,2,220.0
2025-10-06,SO-703669,Home,Web,-4,-59.32
2025-10-06,SO-703670,Apparel,Web,1,138.64
2025-10-06,SO-703671,Apparel,Web,2,77.0
2025-10-07,SO-703672,Apparel,Retail,2,108.74
2025-10-07,SO-703673,Home,Marketplace,5,76.85
2025-10-07,SO-703674,Apparel,Web,3,201.27
2025-10-07,SO-703675,Home,Marketplace,3,120.66
2025-10-07,SO-703676,Home,Marketplace,5,462.85
2025-10-07,SO-703677,Apparel,Marketplace,2,90.1
2025-10-08,SO-703678,Outdoor,Retail,5,527.65
2025-10-08,SO-703679,Electronics,Web,1,57.5
2025-10-08,SO-703680,Apparel,Retail,1,30.97
2025-10-08,SO-703681,Apparel,Retail,3,343.77
2025-10-08,SO-703682,Outdoor,Retail,5,264.35
2025-10-08,SO-703683,Home,Web,3,105.03
2025-10-08,SO-703684,Apparel,Web,3,88.92
2025-10-08,SO-703685,Home,Retail,5,543.7
2025-10-08,SO-703686,Apparel,Web,5,539.8
2025-10-09,SO-703687,Home,Marketplace,5,628.95
2025-10-09,SO-703688,Apparel,Web,1,155.2
2025-10-09,SO-703689,Outdoor,Retail,1,126.1
2025-10-09,SO-703690,Home,Web,1,47.1
2025-10-09,SO-703691,Electronics,Marketplace,3,55.74
2025-10-09,SO-703692,Electronics,Web,1,80.02
2025-10-09,SO-703693,Home,Web,4,197.44
2025-10-10,SO-703694,Apparel,Web,2,105.04
2025-10-10,SO-703695,Apparel,Retail,4,386.68
2025-10-10,SO-703696,Home,Marketplace,2,214.44
2025-10-10,SO-703697,Apparel,Web,1,60.91
2025-10-10,SO-703698,Electronics,Retail,3,69.36
2025-10-10,SO-703699,Apparel,Marketplace,4,313.6
2025-10-10,SO-703700,Electronics,Web,4,208.52
2025-10-10,SO-703701,Apparel,Web,1,120.41
2025-10-10,SO-703702,Apparel,Web,2,45.64
2025-10-11,SO-703703,Electronics,Web,4,512.16
2025-10-11,SO-703704,Electronics,Web,5,316.1
2025-10-11,SO-703705,Home,Marketplace,1,37.6
2025-10-12,SO-703706,Electronics,Retail,5,384.45
2025-10-12,SO-703707,Outdoor,Web,5,203.3
2025-10-12,SO-703708,Apparel,Marketplace,2,210.14
2025-10-12,SO-703709,Home,Marketplace,1,28.12
2025-10-12,SO-703710,Home,Marketplace,3,45.51
2025-10-12,SO-703711,Apparel,Retail,5,559.3
2025-10-12,SO-703712,Apparel,Web,5,1232.7
2025-10-12,SO-703713,Apparel,Web,1,84.51
2025-10-12,SO-703714,Electronics,Marketplace,2,56.68
2025-10-12,SO-703715,Home,Marketplace,2,172.6
2025-10-12,SO-703716,Home,Web,3,175.68
2025-10-13,SO-703717,Electronics,Marketplace,2,83.86
2025-10-13,SO-703718,Home,Web,1,205.59
2025-10-13,SO-703719,Apparel,Marketplace,5,436.85
2025-10-13,SO-703720,Home,Web,4,363.6
2025-10-13,SO-703721,Home,Web,1,37.91
2025-10-13,SO-703722,Home,Marketplace,5,375.7
2025-10-13,SO-703723,Apparel,Web,5,148.35
2025-10-14,SO-703724,Outdoor,Marketplace,4,186.36
2025-10-14,SO-703725,Electronics,Web,3,112.47
2025-10-14,SO-703726,Electronics,Web,3,216.57
2025-10-14,SO-703727,Electronics,Retail,-2,-168.88
2025-10-14,SO-703728,Apparel,Retail,2,194.26
2025-10-15,SO-703729,Apparel,Web,3,225.3
2025-10-15,SO-703730,Outdoor,Retail,-5,-886.95
2025-10-15,SO-703731,Apparel,Marketplace,4,408.8
2025-10-15,SO-703732,Apparel,Retail,3,212.1
2025-10-15,SO-703733,Outdoor,Retail,2,164.64
2025-10-15,SO-703734,Electronics,Web,5,131.65
2025-10-16,SO-703735,Electronics,Marketplace,2,244.42
2025-10-16,SO-703736,Apparel,Retail,4,189.92
2025-10-16,SO-703737,Electronics,Web,3,41.58
2025-10-16,SO-703738,Apparel,Web,-1,-49.5
2025-10-16,SO-703739,Outdoor,Retail,5,1164.9
2025-10-16,SO-703740,Apparel,Web,5,181.75
2025-10-16,SO-703741,Electronics,Web,4,384.16
2025-10-16,SO-703742,Apparel,Web,5,376.55
2025-10-17,SO-703743,Electronics,Web,4,947.32
2025-10-17,SO-703744,Outdoor,Web,2,138.1
2025-10-17,SO-703745,Home,Retail,1,51.25
2025-10-17,SO-703746,Apparel,Web,3,537.39
2025-10-17,SO-703747,Home,Marketplace,1,75.56
2025-10-17,SO-703748,Home,Retail,5,1242.95
2025-10-17,SO-703749,Home,Marketplace,-3,-197.97
2025-10-17,SO-703750,Apparel,Web,1,47.12
2025-10-17,SO-703751,Apparel,Web,-3,-101.13
2025-10-17,SO-703752,Apparel,Marketplace,4,323.16
2025-10-18,SO-703753,Electronics,Marketplace,5,167.9
2025-10-18,SO-703754,Apparel,Web,1,22.77
2025-10-18,SO-703755,Home,Web,5,117.6
2025-10-18,SO-703756,Electronics,Marketplace,2,86.86
2025-10-18,SO-703757,Apparel,Marketplace,2,125.84
2025-10-18,SO-703758,Electronics,Web,2,164.38
2025-10-18,SO-703759,Outdoor,Web,1,108.36
2025-10-19,SO-703760,Apparel,Marketplace,1,20.75
2025-10-19,SO-703761,Electronics,Web,4,368.2
2025-10-19,SO-703762,Apparel,Web,-1,-65.07
2025-10-19,SO-703763,Home,Marketplace,1,100.02
2025-10-19,SO-703764,Outdoor,Web,2,63.8
2025-10-19,SO-703765,Apparel,Web,5,379.45
2025-10-19,SO-703766,Electronics,Web,1,35.6
2025-10-19,SO-703767,Home,Web,1,27.97
2025-10-19,SO-703768,Home,Marketplace,1,101.59
2025-10-19,SO-703769,Home,Web,1,23.17
2025-10-20,SO-703770,Apparel,Web,1,89.43
2025-10-20,SO-703771,Apparel,Retail,3,283.8
2025-10-20,SO-703772,Electronics,Marketplace,1,77.99
2025-10-20,SO-703773,Apparel,Web,2,156.96
2025-10-20,SO-703774,Apparel,Web,5,68.6
2025-10-20,SO-703775,Home,Web,3,104.94
2025-10-20,SO-703776,Electronics,Web,2,230.72
2025-10-21,SO-703777,Home,Web,3,64.8
2025-10-21,SO-703778,Electronics,Web,5,533.0
2025-10-21,SO-703779,Home,Retail,1,203.45
2025-10-21,SO-703780,Home,Web,5,180.35
2025-10-21,SO-703781,Apparel,Marketplace,5,178.5
2025-10-21,SO-703782,Electronics,Web,4,248.2
2025-10-21,SO-703783,Electronics,Web,5,236.05
2025-10-21,SO-703784,Electronics,Marketplace,4,172.08
2025-10-22,SO-703785,Outdoor,Marketplace,4,375.92
2025-10-22,SO-703786,Apparel,Retail,4,332.0
2025-10-22,SO-703787,Electronics,Web,-3,-168.0
2025-10-22,SO-703788,Apparel,Web,2,20.3
2025-10-22,SO-703789,Apparel,Marketplace,5,272.1
2025-10-22,SO-703790,Electronics,Web,2,156.14
2025-10-22,SO-703791,Electronics,Web,1,64.99
2025-10-22,SO-703792,Home,Web,2,77.52
2025-10-23,SO-703793,Apparel,Marketplace,5,368.95
2025-10-23,SO-703794,Home,Marketplace,4,325.04
2025-10-23,SO-703795,Home,Web,4,669.44
2025-10-23,SO-703796,Home,Marketplace,4,199.16
2025-10-23,SO-703797,Outdoor,Web,4,110.56
2025-10-23,SO-703798,Apparel,Web,2,235.98
2025-10-24,SO-703799,Outdoor,Web,2,199.9
2025-10-24,SO-703800,Home,Marketplace,4,210.68
2025-10-24,SO-703801,Outdoor,Retail,4,182.76
2025-10-25,SO-703802,Apparel,Marketplace,4,394.24
2025-10-25,SO-703803,Home,Marketplace,2,149.74
2025-10-25,SO-703804,Apparel,Web,5,174.25
2025-10-25,SO-703805,Home,Web,3,203.76
2025-10-25,SO-703806,Electronics,Marketplace,3,156.69
2025-10-25,SO-703807,Home,Retail,-1,-30.74
2025-10-25,SO-703808,Apparel,Web,2,174.14
2025-10-25,SO-703809,Electronics,Web,1,115.25
2025-10-25,SO-703810,Home,Web,-2,-240.86
2025-10-26,SO-703811,Outdoor,Web,1,64.45
2025-10-26,SO-703812,Electronics,Web,1,103.13
2025-10-26,SO-703813,Home,Marketplace,2,192.18
2025-10-26,SO-703814,Home,Retail,4,373.04
2025-10-26,SO-703815,Apparel,Web,4,9.32
2025-10-26,SO-703816,Electronics,Web,3,155.67
2025-10-26,SO-703817,Home,Web,5,325.1
2025-10-26,SO-703818,Outdoor,Web,3,288.81
2025-10-26,SO-703819,Apparel,Web,1,49.23
2025-10-26,SO-703820,Outdoor,Web,1,24.62
2025-10-26,SO-703821,Outdoor,Web,2,95.98
2025-10-27,SO-703822,Home,Marketplace,4,237.92
2025-10-27,SO-703823,Electronics,Web,2,90.84
2025-10-27,SO-703824,Electronics,Retail,1,68.12
2025-10-27,SO-703825,Apparel,Retail,3,205.98
2025-10-27,SO-703826,Electronics,Web,1,90.74
2025-10-27,SO-703827,Apparel,Marketplace,1,60.08
2025-10-27,SO-703828,Electronics,Web,3,213.75
2025-10-27,SO-703829,Home,Web,2,89.52
2025-10-28,SO-703830,Home,Retail,1,57.68
2025-10-28,SO-703831,Electronics,Web,4,189.52
2025-10-28,SO-703832,Apparel,Web,4,228.0
2025-10-28,SO-703833,Home,Web,3,400.53
2025-10-28,SO-703834,Electronics,Retail,1,47.32
2025-10-28,SO-703835,Home,Web,1,40.02
2025-10-28,SO-703836,Home,Marketplace,5,251.0
2025-10-28,SO-703837,Home,Marketplace,2,114.88
2025-10-29,SO-703838,Outdoor,Web,3,335.64
2025-10-29,SO-703839,Electronics,Web,1,27.34
2025-10-29,SO-703840,Apparel,Retail,5,85.95
2025-10-29,SO-703841,Apparel,Marketplace,5,168.0
2025-10-30,SO-703842,Home,Retail,4,195.32
2025-10-30,SO-703843,Electronics,Retail,4,298.24
2025-10-30,SO-703844,Apparel,Web,2,24.74
2025-10-30,SO-703845,Electronics,Web,4,292.52
2025-10-30,SO-703846,Electronics,Web,5,253.6
2025-10-30,SO-703847,Apparel,Retail,4,150.04
2025-10-30,SO-703848,Home,Retail,2,151.94
2025-10-30,SO-703849,Apparel,Web,-4,-636.4
2025-10-30,SO-703850,Apparel,Web,5,309.2
2025-10-30,SO-703851,Apparel,Marketplace,5,408.0
2025-10-31,SO-703852,Home,Web,1,72.54
2025-10-31,SO-703853,Apparel,Web,2,151.96
2025-10-31,SO-703854,Outdoor,Marketplace,1,117.28
2025-10-31,SO-703855,Apparel,Marketplace,3,262.44
2025-10-31,SO-703856,Outdoor,Web,1,121.56
2025-10-31,SO-703857,Outdoor,Web,-3,-91.71
2025-10-31,SO-703858,Outdoor,Web,2,145.94
2025-10-31,SO-703859,Electronics,Web,-4,-434.12
2025-10-31,SO-703860,Electronics,Web,1,83.22
2025-11-01,SO-703861,Home,Web,2,278.82
2025-11-01,SO-703862,Outdoor,Web,3,233.46
2025-11-01,SO-703863,Outdoor,Marketplace,4,137.88
2025-11-01,SO-703864,Electronics,Web,1,20.55
2025-11-01,SO-703865,Electronics,Retail,1,45.28
2025-11-01,SO-703866,Electronics,Marketplace,2,94.78
2025-11-01,SO-703867,Home,Marketplace,3,357.45
2025-11-02,SO-703868,Outdoor,Web,5,501.75
2025-11-02,SO-703869,Home,Web,1,27.01
2025-11-02,SO-703870,Home,Retail,3,245.67
2025-11-02,SO-703871,Apparel,Marketplace,2,119.5
2025-11-02,SO-703872,Apparel,Web,1,9.0
2025-11-02,SO-703873,Apparel,Web,3,101.76
2025-11-03,SO-703874,Apparel,Retail,5,712.55
2025-11-03,SO-703875,Home,Marketplace,1,72.72
2025-11-04,SO-703876,Home,Marketplace,3,541.8
2025-11-04,SO-703877,Electronics,Web,5,430.35
2025-11-04,SO-703878,Apparel,Web,2,49.1
2025-11-04,SO-703879,Electronics,Marketplace,2,209.94
2025-11-05,SO-703880,Apparel,Web,5,80.55
2025-11-05,SO-703881,Home,Marketplace,2,108.54
2025-11-05,SO-703882,Outdoor,Marketplace,2,271.14
2025-11-05,SO-703883,Apparel,Web,3,161.4
2025-11-05,SO-703884,Apparel,Web,3,515.64
2025-11-05,SO-703885,Electronics,Web,1,110.23
2025-11-05,SO-703886,Electronics,Retail,5,324.6
2025-11-05,SO-703887,Outdoor,Web,1,58.86
2025-11-05,SO-703888,Home,Retail,1,52.39
2025-11-05,SO-703889,Electronics,Web,3,65.85
2025-11-05,SO-703890,Electronics,Web,2,277.26
2025-11-05,SO-703891,Apparel,Retail,-2,-57.36
2025-11-06,SO-703892,Electronics,Web,-1,-17.59
2025-11-06,SO-703893,Electronics,Marketplace,3,170.61
2025-11-06,SO-703894,Home,Web,2,147.1
2025-11-06,SO-703895,Apparel,Retail,5,309.5
2025-11-06,SO-703896,Home,Web,4,254.48
2025-11-06,SO-703897,Apparel,Web,1,61.28
2025-11-06,SO-703898,Apparel,Web,-5,-157.75
2025-11-06,SO-703899,Apparel,Web,1,34.37
2025-11-07,SO-703900,Apparel,Web,-5,-364.8
2025-11-07,SO-703901,Electronics,Marketplace,1,94.22
2025-11-07,SO-703902,Electronics,Web,5,841.85
2025-11-07,SO-703903,Apparel,Retail,3,179.01
2025-11-08,SO-703904,Apparel,Web,4,240.56
2025-11-08,SO-703905,Outdoor,Web,-4,-268.08
2025-11-08,SO-703906,Apparel,Retail,2,118.18
2025-11-08,SO-703907,Outdoor,Marketplace,3,180.9
2025-11-09,SO-703908,Electronics,Marketplace,2,184.66
2025-11-09,SO-703909,Electronics,Marketplace,4,188.56
2025-11-09,SO-703910,Electronics,Web,4,644.24
2025-11-09,SO-703911,Outdoor,Web,4,358.24
2025-11-09,SO-703912,Apparel,Marketplace,2,44.06
2025-11-09,SO-703913,Apparel,Web,5,385.8
2025-11-09,SO-703914,Apparel,Web,5,448.5
2025-11-09,SO-703915,Electronics,Web,3,103.08
2025-11-09,SO-703916,Electronics,Web,2,150.78
2025-11-10,SO-703917,Apparel,Web,3,96.39
2025-11-10,SO-703918,Electronics,Retail,4,216.44
2025-11-11,SO-703919,Outdoor,Web,5,175.1
2025-11-11,SO-703920,Apparel,Web,3,240.48
2025-11-11,SO-703921,Outdoor,Marketplace,3,176.46
2025-11-11,SO-703922,Home,Marketplace,3,256.47
2025-11-11,SO-703923,Electronics,Web,5,367.55
2025-11-11,SO-703924,Apparel,Marketplace,1,72.62
2025-11-11,SO-703925,Electronics,Retail,2,113.32
2025-11-11,SO-703926,Home,Retail,3,169.2
2025-11-11,SO-703927,Electronics,Web,1,63.3
2025-11-11,SO-703928,Apparel,Web,1,68.73
2025-11-12,SO-703929,Home,Retail,1,68.88
2025-11-12,SO-703930,Outdoor,Retail,-4,-344.8
2025-11-12,SO-703931,Apparel,Marketplace,1,222.61
2025-11-12,SO-703932,Home,Web,1,114.88
2025-11-12,SO-703933,Apparel,Web,2,232.36
2025-11-12,SO-703934,Electronics,Web,1,74.14
2025-11-12,SO-703935,Outdoor,Web,2,293.74
2025-11-12,SO-703936,Apparel,Web,3,83.61
2025-11-12,SO-703937,Electronics,Web,5,431.9
2025-11-13,SO-703938,Home,Marketplace,5,219.0
2025-11-13,SO-703939,Electronics,Web,5,631.3
2025-11-13,SO-703940,Home,Marketplace,3,290.82
2025-11-13,SO-703941,Electronics,Marketplace,2,197.24
2025-11-13,SO-703942,Outdoor,Web,5,85.55
2025-11-13,SO-703943,Apparel,Marketplace,1,86.36
2025-11-14,SO-703944,Electronics,Marketplace,1,16.54
2025-11-14,SO-703945,Apparel,Marketplace,2,101.36
2025-11-14,SO-703946,Outdoor,Web,5,421.7
2025-11-15,SO-703947,Apparel,Web,1,10.12
2025-11-15,SO-703948,Apparel,Retail,-3,-482.64
2025-11-15,SO-703949,Apparel,Web,2,195.1
2025-11-15,SO-703950,Electronics,Web,2,36.3
2025-11-15,SO-703951,Apparel,Web,3,279.39
2025-11-15,SO-703952,Electronics,Web,3,54.93
2025-11-16,SO-703953,Outdoor,Retail,-2,-162.74
2025-11-16,SO-703954,Home,Web,4,234.44
2025-11-16,SO-703955,Electronics,Marketplace,5,112.7
2025-11-16,SO-703956,Apparel,Web,-1,-78.54
2025-11-16,SO-703957,Electronics,Web,4,274.44
2025-11-16,SO-703958,Electronics,Marketplace,2,106.82
2025-11-16,SO-703959,Apparel,Web,3,295.44
2025-11-16,SO-703960,Home,Web,3,207.72
2025-11-17,SO-703961,Apparel,Marketplace,1,60.43
2025-11-17,SO-703962,Outdoor,Web,2,99.12
2025-11-18,SO-703963,Home,Web,1,23.55
2025-11-18,SO-703964,Apparel,Retail,4,182.04
2025-11-18,SO-703965,Apparel,Web,1,14.15
2025-11-18,SO-703966,Apparel,Web,5,138.25
2025-11-18,SO-703967,Apparel,Web,5,183.15
2025-11-18,SO-703968,Home,Marketplace,3,109.05
2025-11-18,SO-703969,Electronics,Retail,1,40.53
2025-11-18,SO-703970,Home,Web,1,33.38
2025-11-18,SO-703971,Outdoor,Retail,5,201.35
2025-11-18,SO-703972,Apparel,Web,5,64.65
2025-11-19,SO-703973,Home,Retail,3,372.81
2025-11-19,SO-703974,Home,Web,1,42.62
2025-11-19,SO-703975,Electronics,Web,5,438.1
2025-11-20,SO-703976,Apparel,Web,4,327.72
2025-11-20,SO-703977,Outdoor,Web,2,111.2
2025-11-20,SO-703978,Apparel,Web,2,90.64
2025-11-20,SO-703979,Home,Web,1,153.73
2025-11-21,SO-703980,Apparel,Marketplace,1,160.85
2025-11-21,SO-703981,Home,Marketplace,-1,-51.72
2025-11-21,SO-703982,Apparel,Web,1,45.56
2025-11-21,SO-703983,Outdoor,Web,5,96.8
2025-11-21,SO-703984,Home,Marketplace,2,202.3
2025-11-21,SO-703985,Outdoor,Retail,5,229.6
2025-11-21,SO-703986,Apparel,Marketplace,1,75.94
2025-11-21,SO-703987,Apparel,Web,-3,-284.1
2025-11-21,SO-703988,Electronics,Marketplace,-1,-156.45
2025-11-21,SO-703989,Home,Retail,3,219.27
2025-11-22,SO-703990,Apparel,Marketplace,1,71.59
2025-11-22,SO-703991,Home,Web,5,363.05
2025-11-22,SO-703992,Home,Marketplace,3,385.23
2025-11-22,SO-703993,Outdoor,Web,4,155.84
2025-11-22,SO-703994,Outdoor,Web,1,31.8
2025-11-22,SO-703995,Electronics,Marketplace,2,102.62
2025-11-22,SO-703996,Apparel,Marketplace,1,39.11
2025-11-22,SO-703997,Home,Web,1,194.77
2025-11-22,SO-703998,Electronics,Marketplace,5,307.35
2025-11-22,SO-703999,Electronics,Retail,3,426.24
